{
    "head": {
        "pricebook": "default",
        "shop": "storefront-catalog-en",
        "currency": "USD"
    },
    "items": [
        {
            "product_id": "810102030207",
            "value": 75.00
        },
        {
            "product_id": "877231006527",
            "value": 29.00
        },
        {
            "product_id": "5060552905647",
            "value": 175.00
        },
        {
            "product_id": "5060552903278",
            "value": 50.00
        },
        {
            "product_id": "818262020175",
            "value": 20.00
        },
        {
            "product_id": "816218022464",
            "value": 32.00
        },
        {
            "product_id": "816218022969",
            "value": 58.00
        },
        {
            "product_id": "816218028121",
            "value": 22.00
        }
    ]
}