{
    "head": {
        "locale": "en-CA",
        "catalog": "storefront-catalog-en",
        "is_master": true
    },
    "items": [
        {
            "shipping_weight_unit": "lb",
            "is_searchable": true,
            "is_available": true,
            "keywords": [
                "gift-card"
            ],
            "show_in_listing": true,
            "extended_attributes": [
                { 
                    "name": "pricebooks",
                    "value": "pgc-ca-25,pgc-ca-35,pgc-ca-50,pgc-ca-75,pgc-ca-100,pgc-ca-150,pgc-ca-200,pgc-ca-250,pgc-ca-300,pgc-ca-350,pgc-ca-400,pgc-ca-450,pgc-ca-500,pgc-ca-750,pgc-ca-1000,pgc-ca-1500,pgc-ca-2000"
                },
                {
                    "name": "handle",
                    "value": "newstore-gift-card"
                },
                {
                    "name": "published_scope",
                    "value": "global"
                },
                {
                    "name": "fulfillment_service",
                    "value": "manual"
                },
                {
                    "name": "inventory_policy",
                    "value": "deny"
                },
                {
                    "name": "IsServiceItem",
                    "value": "true"
                }
            ],
            "title": "Physical Gift Card",
            "shipping_weight_value": 0.00,
            "tax_class_id": "PG050000",
            "categories": [
                {
                    "path": "All"
                },
                {
                    "path": "All > Gift Card",
                    "is_main": true
                }
            ],
            "shipping_dimension_height": 0.00,
            "description": "Physical gift card for store purchases",
            "brand": "",
            "material": "",
            "images": [
                {
                    "alt_text": "",
                    "aspect_ratio": 1,
                    "dominant_color": "#817054",
                    "height": 200,
                    "identifier": "p/filson-staging/0f81afece7523855cb4e7afa19f2fb67",
                    "is_main": true,
                    "title": "filson gift card",
                    "url": "https://res.cloudinary.com/db0zftggw/image/upload/v1707512464/p/filson-staging/0f81afece7523855cb4e7afa19f2fb67.jpg",
                    "width": 200
                }
            ],
            "shipping_dimension_length": 0.00,
            "variation_color_value": "",
            "google_category": "none",
            "shipping_dimension_width": 0.00,
            "manufacturer": null,
            "shipping_dimension_unit": "cm",
            "product_id": "20297728",
            "variant_group_id": "20297728",
            "external_identifiers": [
                {
                    "type": "sku",
                    "value": "20297728"
                }
            ],
            "caption": "PGC",
            "variation_additional_1_value": "Custom",
            "variation_additional_1_name": "fit",
            "variation_size_value": "Custom"
        }
    ]
}
