{
    "head": {
        "store_mapping": [
            {
                "store_id": "TOST",
                "fulfillment_node_id": "TOST"
            },
            {
                "store_id": "",
                "fulfillment_node_id": "BDC"
            }
        ],
        "mode": "on_hand"
    },
    "items": [
        {
            "product_id": "2210240-2BC-8",
            "quantity": 5,
            "fulfillment_node_id": "TOST"
        },
        {
            "product_id": "2210240-2BC-8",
            "quantity": 0,
            "fulfillment_node_id": "BDC"
        }
    ]
}