{
  "head": {
    "store_mapping": [
      {
        "fulfillment_node_id": "Funko_Everett_Store",
        "store_id": "Funko_Everett_Store"
      },
      {
        "fulfillment_node_id": "Funko_Hollywood_Store",
        "store_id": "Funko_Hollywood_Store"
      }
    ],
    "mode": "atp"
  },
  "items": [
    {
      "product_id": "58028",
      "quantity": 0,
      "fulfillment_node_id": "Funko_Everett_Store"
    },
    {
      "product_id": "58028",
      "quantity": 0,
      "fulfillment_node_id": "Funko_Hollywood_Store"
    }
  ]
}