{
    "head": {
        "locale": "en-us",
        "catalog": "storefront-catalog-en",
        "is_master": true,
        "searchable_attributes": [
            {
                "name": "sku",
                "path": "$.external_identifiers[?(@.type == 'sku')].value",
                "weight": 1
            },
            {
                "name": "product_id",
                "path": "$.product_id",
                "weight": 2
            }
        ]
    },
    "items": [
        {
            "brand": "COS BAR GIFT",
            "is_searchable": true,
            "is_published": true,
            "show_in_listing": true,
            "product_id": "8645332587475W",
            "variant_group_id": "8219695939802",
            "external_identifiers": [
                {
                    "type": "sku",
                    "value": "8645332587475W"
                },
                {
                    "type": "shopify_inventory_item_id",
                    "value": "46664851390682"
                },
                {
                    "type": "upc",
                    "value": "8645332587475W"
                },
                {
                    "type": "isbn",
                    "value": "8645332587475W"
                },
                {
                    "type": "ean13",
                    "value": "8645332587475W"
                }
            ],
            "title": "Spring Into Beauty 2024 Gift",
            "caption": "Spring Into Beauty 2024 Gift",
            "description": "Qualifier: Gift with any Cos Bar purchase of $250 or more, while supply lasts. Note that this Exclusive GWP may ship separately. Please allow additional 2-3 days to receive these if shipped separately.\u00a0\nShop Bestsellers\nDescription: A deluxe 22-piece luxury beauty gift (worth $430) yours with a Cos Bar purchase of $250 or more! Gift includes:\n\n111Skin Celestial Black Diamond Lifting &amp; Firming Face Mask, Single Sheet Mask\nAugustinus Bader The Body Cream, 8 ML\nBioeffect Power Serum, 2.5 ML\nChantecaille Lip Chic Tea Rose, 0.8 G\nCharlotte Tilbury Airbrush Flawless Finish Setting Spray, 15 ML\nCle de Peau Enhancing Eye Contour Cream Supreme, 2 ML\nDr. Barbara Sturm Super Anti-Aging Face Cream, 3.5 ML\nHourglass Veil Mineral Primer, 3 ML\nIndie Lee Purifying Face Wash, 15 ML\nJoanna Czech The Cleansing Wipes, Pack of 10 wipes\nMaison Francis Kurkdjian Aqua Media Cologne Forte, 5 ML\nMiriam Quevedo Black Baccarra Hair Multiplying Intensive Shampoo, 30 ML\nMolton Brown Wild Mint &amp; Lavander Bath &amp; Shower Gel, 3.6 ML\nMUTHA Body Oil, 25 ML\nNatura Bisse Diamond Cocoon Sheer Cream, 5 ML\nOribe Gold Lust Dry Shampoo, 0.9 OZ\nRevitalash RevitaBrow Advanced, 0.9 ML\nRevive The Chin Contour Mask, Single Sheet Mask\nSisley Hair Ritual Restructuring Nourishing Balm, 15 ML\nSupergoop! Unseen Screen, 10 ML\nUBeauty The Resurfacing Body Compound, 10 ML\nWestman Atelier Eye Want You Mascara, 1.5 ML\n\n+ Cos Bar Stripped Canvas Makeup Bag and an exclusive bounceback card for 10% OFF Full-Size Spring into Beauty picks!\n",
            "shipping_weight_unit": "lb",
            "shipping_weight_value": 2.0,
            "shipping_dimension_length": 0.0,
            "shipping_dimension_width": 0.0,
            "shipping_dimension_height": 0.0,
            "shipping_dimension_unit": "cm",
            "images": [
                {
                    "url": "https://cdn.shopify.com/s/files/1/0618/7116/1562/files/SIB2024_SquareImage.jpg?v=1708998370",
                    "is_main": true,
                    "alt_text": ""
                }
            ],
            "variation_color_value": "",
            "variation_size_value": "",
            "material": "",
            "google_category": "none",
            "categories": [
                {
                    "path": "All"
                }
            ],
            "extended_attributes": [
                {
                    "name": "is_gwp",
                    "value": "True"
                },
                {
                    "name": "tags",
                    "value": "GWP, MAKEUP-LIPS, Makeup-None"
                },
                {
                    "name": "product_created_at",
                    "value": "2024-02-23T16:08:32-08:00"
                },
                {
                    "name": "variant_created_at",
                    "value": "2024-02-23T16:08:32-08:00"
                },
                {
                    "name": "product_updated_at",
                    "value": "2024-03-07T22:08:39-08:00"
                },
                {
                    "name": "variant_updated_at",
                    "value": "2024-03-01T07:47:57-08:00"
                },
                {
                    "name": "product_handle",
                    "value": "spring-into-beauty-2024-gift"
                },
                {
                    "name": "product_published_scope",
                    "value": "web"
                },
                {
                    "name": "product_published_at",
                    "value": "2024-03-07T07:49:32-07:00"
                },
                {
                    "name": "fulfillment_service",
                    "value": "manual"
                },
                {
                    "name": "inventory_item_id",
                    "value": "46664851390682"
                },
                {
                    "name": "inventory_management",
                    "value": "shopify"
                },
                {
                    "name": "inventory_policy",
                    "value": "deny"
                },
                {
                    "name": "shopify_variant_id",
                    "value": "44567372726490"
                },
                {
                    "name": "salesfloorcategory",
                    "value": "00 NA Category CB"
                }
            ],
            "keywords": [
                "GWP",
                "MAKEUP-LIPS",
                "Makeup-None"
            ],
            "tax_class_id": "PH050527",
            "manufacturer": ""
        }
    ]
}