{
    "head": {
        "store_mapping": [
            {
                "store_id": "tx-new-braunfels-231",
                "fulfillment_node_id": "tx-new-braunfels-231"
            }
        ],
        "mode": "on_hand"
    },
    "items": [
        {
            "product_id": "N1CNSIX",
            "quantity": 20,
            "fulfillment_node_id": "tx-new-braunfels-231"
        },
        {
            "product_id": "N1DETOX",
            "quantity": 20,
            "fulfillment_node_id": "tx-new-braunfels-231"
        }
    ]
}