{
    "head": {
        "shop": "storefront-catalog-en",
        "locale": "en-US",
        "is_master": true
    },
    "items": [
        {
            "product_id": "PRESELL08",
            "keywords": [],
            "images": [
                {
                    "url": "https://cosbar-s-0-newstore-dmz.s3.amazonaws.com/black.png",
                    "title": "free gift",
                    "is_main": true,
                    "alt_text": "free gift",
                    "dominant_color": "#E66163",
                    "width": 454,
                    "height": 278,
                    "aspect_ratio": 1.6330935
                }
            ],
            "shipping_weight_unit": "lb",
            "is_searchable": true,
            "show_in_listing": true,
            "extended_attributes": [],
            "title": "Carmel Presell",
            "shipping_weight_value": 0.00,
            "tax_class_id": "",
            "categories": [],
            "shipping_dimension_height": 0.00,
            "description": "Carmel Presell",
            "brand": "",
            "material": "",
            "shipping_dimension_length": 0.00,
            "variation_color_value": "",
            "shipping_dimension_width": 0.00,
            "manufacturer": null,
            "shipping_dimension_unit": "cm",
            "external_identifiers": [
                {
                    "type": "sku",
                    "value": "PRESELL08"
                }
            ],
            "variant_group_id": "free_gift_preorder",
            "caption": "PRESELL08",
            "variation_additional_1_value": "Custom",
            "variation_additional_1_name": "fit",
            "variation_size_value": "Custom"
        }
    ]
}