{
    "head": {
        "store_mapping": [
            {
                "store_id": "231",
                "fulfillment_node_id": "tx-new-braunfels-231"
            }
        ],
        "mode": "atp"
    },
    "items": [
        {
            "product_id": "N1CNSIX",
            "quantity": 1000,
            "fulfillment_node_id": "tx-new-braunfels-231"
        },
        {
            "product_id": "N1DETOX",
            "quantity": 1000,
            "fulfillment_node_id": "tx-new-braunfels-231"
        },
        {
            "product_id": "FFBCAABL",
            "quantity": 1000,
            "fulfillment_node_id": "tx-new-braunfels-231"
        }
    ]
}