{
    "head": {
        "store_mapping": [
            {
                "store_id": "0018",
                "fulfillment_node_id": "0018"
            }
        ],
        "mode": "atp"
    },
    "items": [
        {
            "product_id": "21247",
            "quantity": 0,
            "fulfillment_node_id": "0018"
        },
        {
            "product_id": "21250",
            "quantity": 0,
            "fulfillment_node_id": "0018"
        },
        {
            "product_id": "21251",
            "quantity": 0,
            "fulfillment_node_id": "0018"
        },
        {
            "product_id": "21252",
            "quantity": 0,
            "fulfillment_node_id": "0018"
        },
        {
            "product_id": "21265",
            "quantity": 0,
            "fulfillment_node_id": "0018"
        },
        {
            "product_id": "21267",
            "quantity": 0,
            "fulfillment_node_id": "0018"
        },
        {
            "product_id": "21269",
            "quantity": 0,
            "fulfillment_node_id": "0018"
        },
        {
            "product_id": "21276",
            "quantity": 0,
            "fulfillment_node_id": "0018"
        },
        {
            "product_id": "21279",
            "quantity": 0,
            "fulfillment_node_id": "0018"
        },
        {
            "product_id": "21280",
            "quantity": 0,
            "fulfillment_node_id": "0018"
        },
        {
            "product_id": "21281",
            "quantity": 0,
            "fulfillment_node_id": "0018"
        },
        {
            "product_id": "21293",
            "quantity": 0,
            "fulfillment_node_id": "0018"
        },
        {
            "product_id": "21294",
            "quantity": 0,
            "fulfillment_node_id": "0018"
        },
        {
            "product_id": "21327",
            "quantity": 0,
            "fulfillment_node_id": "0018"
        },
        {
            "product_id": "21329",
            "quantity": 0,
            "fulfillment_node_id": "0018"
        },
        {
            "product_id": "21330",
            "quantity": 0,
            "fulfillment_node_id": "0018"
        },
        {
            "product_id": "21333",
            "quantity": 0,
            "fulfillment_node_id": "0018"
        },
        {
            "product_id": "21348",
            "quantity": 0,
            "fulfillment_node_id": "0018"
        },
        {
            "product_id": "21354",
            "quantity": 0,
            "fulfillment_node_id": "0018"
        },
        {
            "product_id": "21355",
            "quantity": 0,
            "fulfillment_node_id": "0018"
        },
        {
            "product_id": "21358",
            "quantity": 0,
            "fulfillment_node_id": "0018"
        },
        {
            "product_id": "21361",
            "quantity": 0,
            "fulfillment_node_id": "0018"
        },
        {
            "product_id": "21362",
            "quantity": 0,
            "fulfillment_node_id": "0018"
        },
        {
            "product_id": "21365",
            "quantity": 0,
            "fulfillment_node_id": "0018"
        },
        {
            "product_id": "21366",
            "quantity": 0,
            "fulfillment_node_id": "0018"
        },
        {
            "product_id": "21368",
            "quantity": 0,
            "fulfillment_node_id": "0018"
        },
        {
            "product_id": "21373",
            "quantity": 0,
            "fulfillment_node_id": "0018"
        },
        {
            "product_id": "21379",
            "quantity": 0,
            "fulfillment_node_id": "0018"
        },
        {
            "product_id": "21382",
            "quantity": 0,
            "fulfillment_node_id": "0018"
        },
        {
            "product_id": "21385",
            "quantity": 0,
            "fulfillment_node_id": "0018"
        },
        {
            "product_id": "21404",
            "quantity": 0,
            "fulfillment_node_id": "0018"
        },
        {
            "product_id": "21405",
            "quantity": 0,
            "fulfillment_node_id": "0018"
        },
        {
            "product_id": "21414",
            "quantity": 0,
            "fulfillment_node_id": "0018"
        },
        {
            "product_id": "21421",
            "quantity": 0,
            "fulfillment_node_id": "0018"
        },
        {
            "product_id": "21422",
            "quantity": 0,
            "fulfillment_node_id": "0018"
        },
        {
            "product_id": "21430",
            "quantity": 0,
            "fulfillment_node_id": "0018"
        },
        {
            "product_id": "21444",
            "quantity": 0,
            "fulfillment_node_id": "0018"
        },
        {
            "product_id": "21447",
            "quantity": 0,
            "fulfillment_node_id": "0018"
        },
        {
            "product_id": "21448",
            "quantity": 0,
            "fulfillment_node_id": "0018"
        },
        {
            "product_id": "21478",
            "quantity": 0,
            "fulfillment_node_id": "0018"
        },
        {
            "product_id": "21479",
            "quantity": 0,
            "fulfillment_node_id": "0018"
        },
        {
            "product_id": "21480",
            "quantity": 0,
            "fulfillment_node_id": "0018"
        },
        {
            "product_id": "21488",
            "quantity": 0,
            "fulfillment_node_id": "0018"
        },
        {
            "product_id": "21489",
            "quantity": 0,
            "fulfillment_node_id": "0018"
        },
        {
            "product_id": "21495",
            "quantity": 0,
            "fulfillment_node_id": "0018"
        },
        {
            "product_id": "21523",
            "quantity": 0,
            "fulfillment_node_id": "0018"
        },
        {
            "product_id": "21526",
            "quantity": 0,
            "fulfillment_node_id": "0018"
        },
        {
            "product_id": "25223",
            "quantity": 0,
            "fulfillment_node_id": "0018"
        },
        {
            "product_id": "25224",
            "quantity": 0,
            "fulfillment_node_id": "0018"
        },
        {
            "product_id": "14975",
            "quantity": 0,
            "fulfillment_node_id": "0018"
        },
        {
            "product_id": "17789",
            "quantity": 0,
            "fulfillment_node_id": "0018"
        },
        {
            "product_id": "17791",
            "quantity": 0,
            "fulfillment_node_id": "0018"
        },
        {
            "product_id": "17792",
            "quantity": 0,
            "fulfillment_node_id": "0018"
        },
        {
            "product_id": "17793",
            "quantity": 0,
            "fulfillment_node_id": "0018"
        },
        {
            "product_id": "17794",
            "quantity": 0,
            "fulfillment_node_id": "0018"
        },
        {
            "product_id": "17795",
            "quantity": 0,
            "fulfillment_node_id": "0018"
        },
        {
            "product_id": "17796",
            "quantity": 0,
            "fulfillment_node_id": "0018"
        },
        {
            "product_id": "17797",
            "quantity": 0,
            "fulfillment_node_id": "0018"
        },
        {
            "product_id": "21889",
            "quantity": 0,
            "fulfillment_node_id": "0018"
        },
        {
            "product_id": "038097005806",
            "quantity": 0,
            "fulfillment_node_id": "0018"
        },
        {
            "product_id": "038097013870",
            "quantity": 0,
            "fulfillment_node_id": "0018"
        }
    ]
}