{
  "head": {
      "locale": "en-US",
      "shop": "storefront-catalog-en",
      "is_master": true,
      "searchable_attributes": [
          {
              "name": "sku",
              "path": "$.external_identifiers[?(@.type == 'sku')].value",
              "weight": 1
          },
          {
              "name": "product_id",
              "path": "$.product_id",
              "weight": 2
          }
      ],
      "filterable_attributes": [
          {
              "name": "Color",
              "path": "$.variation_color_value"
          },
          {
              "name": "Size",
              "path": "$.variation_size_value"
          }
      ]
  },
  "items": [
      {
          "brand": "Faherty",
          "caption": "Cloud Reversible Crewneck -",
          "is_searchable": true,
          "is_published": true,
          "variant_group_id": "6773840740421",
          "shipping_dimension_length": 0.0,
          "shipping_dimension_width": 0.0,
          "shipping_dimension_height": 0.0,
          "shipping_dimension_unit": "cm",
          "show_in_listing": true,
          "variation_color_value": "Ivory Heather/Light Blue Heather",
          "variation_size_value": "XS",
          "material": "",
          "google_category": "none",
          "tax_class_id": "PC040100",
          "manufacturer": "",
          "categories": [
              {
                  "path": "All"
              },
              {
                  "is_main": true,
                  "path": "All > Men's"
              },
              {   
                  "path": "All > All"
              }
          ],
          "description": "Cloud Reversible Crewneck",
          "extended_attributes": [
              {
                  "name": "fulfillment_service",
                  "value": "manual"
              },
              {
                  "name": "inventory_item_id",
                  "value": "42252545949765"
              },
              {
                  "name": "inventory_management",
                  "value": "shopify"
              },
              {
                  "name": "inventory_policy",
                  "value": "deny"
              },
              {
                  "name": "product_created_at",
                  "value": "2022-06-24T12:03:02-04:00"
              },
              {
                  "name": "product_handle",
                  "value": "all-day-bucket-hat-navy-1"
              },
              {
                  "name": "product_published_scope",
                  "value": "global"
              },
              {
                  "name": "product_updated_at",
                  "value": "2022-08-18T14:24:18-04:00"
              },
              {
                  "name": "shopify_variant_id",
                  "value": "40156979429445"
              },
              {
                  "name": "tags",
                  "value": "Accesories, age:Adult, gender:Men, gender:Unisex, men, Men's Accessories, Mens"
              },
              {
                  "name": "variant_created_at",
                  "value": "2022-06-24T14:02:57-04:00"
              },
              {
                  "name": "variant_updated_at",
                  "value": "2022-06-24T14:29:28-04:00"
              }
          ],
          "external_identifiers": [
              {
                  "type": "sku",
                  "value": "MKC0131-IBL-XS"
              },
              {
                  "type": "shopify_inventory_item_id",
                  "value": "42252545949765"
              },
              {
                  "type": "upc",
                  "value": "194622998743-X-TEMP"
              },
              {
                  "type": "isbn",
                  "value": "194622998743"
              },
              {
                  "type": "ean13",
                  "value": "194622998743"
              }
          ],
          "images": [
              {
                  "aspect_ratio": 1.5297297,
                  "dominant_color": "#766E7E",
                  "height": 370,
                  "tags": [
                      "newstore:main"
                  ],
                  "title": "",
                  "url": "https://res.cloudinary.com/db0zftggw/image/upload/v1631554666/p/faherty/6e92aa66747d37bb56c232af5eba9c9c.png",
                  "width": 566
              }
          ],
          "keywords": [
              "Accesories",
              "age:Adult",
              "gender:Men",
              "gender:Unisex",
              "men",
              "Men's Accessories",
              "Mens"
          ],
          "product_id": "MKC0131-IBL-XS",
          "shipping_weight_value": 1,
          "shipping_weight_unit": "lb",
          "title": "Cloud Reversible Crewneck -"
      }
  ]
}