{
    "head": {
        "locale": "en-US",
        "shop": "storefront-catalog-en",
        "is_master": true,
        "searchable_attributes": [
            {
                "name": "sku",
                "path": "$.external_identifiers[?(@.type == 'sku')].value",
                "weight": 1
            },
            {
                "name": "product_id",
                "path": "$.product_id",
                "weight": 2
            }
        ],
        "filterable_attributes": [
            {
                "name": "Color",
                "path": "$.variation_color_value"
            },
            {
                "name": "Size",
                "path": "$.variation_size_value"
            }
        ]
    },
    "items": [
        {
            "brand": "Westman Atelier",
            "is_searchable": true,
            "is_published": true,
            "show_in_listing": true,
            "product_id": "810102030207",
            "variant_group_id": "7931971862811",
            "external_identifiers": [
                {
                    "type": "sku",
                    "value": "810102030207"
                },
                {
                    "type": "shopify_inventory_item_id",
                    "value": "45649354752283"
                },
                {
                    "type": "upc",
                    "value": "810102030207"
                },
                {
                    "type": "isbn",
                    "value": "810102030207"
                },
                {
                    "type": "ean13",
                    "value": "810102030207"
                }
            ],
            "title": "Beauty Butter Powder Bronzer Coup De Soleil",
            "caption": "Beauty Butter Powder Bronzer Coup De Soleil",
            "description": "Matte bronzer designed to deliver a just-in-from-the-beach kiss of color. This shimmer-free formulation leaves skin looking healthy and naturally bronzed. Innovative pigment technology protects from environmental stressors while plant butters nourish the skin. No parabens, no PEGs, no phthalates, no synthetic fragrances. Vegan & cruelty-free. How to use: Sweep it in a horizontal motion over the cheeks, eyelids, temples and forehead - really anywhere the sun would naturally hit. Don't forget to apply to your neck and collarbones if they're showing!\n",
            "shipping_weight_unit": "lb",
            "shipping_weight_value": 0.13,
            "shipping_dimension_length": 0.0,
            "shipping_dimension_width": 0.0,
            "shipping_dimension_height": 0.0,
            "shipping_dimension_unit": "cm",
            "images": [
                {
                    "url": "https://cdn.shopify.com/s/files/1/0663/5290/6523/products/810102030207.jpg?v=1666133201",
                    "is_main": true,
                    "alt_text": ""
                },
                {
                    "url": "https://cdn.shopify.com/s/files/1/0663/5290/6523/products/810102030207-alt1.png?v=1666133201",
                    "alt_text": null,
                    "is_color_swatch": false
                },
                {
                    "url": "https://cdn.shopify.com/s/files/1/0663/5290/6523/products/810102030207-alt2.png?v=1666133201",
                    "alt_text": null,
                    "is_color_swatch": false
                },
                {
                    "url": "https://cdn.shopify.com/s/files/1/0663/5290/6523/products/810102030207-alt3.png?v=1666133201",
                    "alt_text": null,
                    "is_color_swatch": false
                }
            ],
            "variation_color_value": "Default Title",
            "variation_size_value": null,
            "material": "",
            "google_category": "none",
            "categories": [
                {
                    "path": "All"
                },
                {
                    "path": "All > Westman Atelier",
                    "is_main": true
                },
                {
                    "path": "All > Makeup"
                },
                {
                    "path": "All > Bronzer"
                },
                {
                    "path": "All > Face"
                },
                {
                    "path": "All > All Products"
                },
                {
                    "path": "All > OrderlyEmails - Recommended Products"
                }
            ],
            "extended_attributes": [
                {
                    "name": "tags",
                    "value": "bronzer, face, makeup"
                },
                {
                    "name": "product_created_at",
                    "value": "2022-10-18T18:46:41-04:00"
                },
                {
                    "name": "variant_created_at",
                    "value": "2022-10-18T18:46:41-04:00"
                },
                {
                    "name": "product_updated_at",
                    "value": "2022-10-18T18:46:45-04:00"
                },
                {
                    "name": "variant_updated_at",
                    "value": "2022-10-18T18:46:41-04:00"
                },
                {
                    "name": "product_handle",
                    "value": "beauty-butter-powder-bronzer-coup-de-soleil-810102030207"
                },
                {
                    "name": "product_published_at",
                    "value": "2022-05-23T10:39:06-04:00"
                },
                {
                    "name": "product_published_scope",
                    "value": "web"
                },
                {
                    "name": "fulfillment_service",
                    "value": "manual"
                },
                {
                    "name": "inventory_item_id",
                    "value": "45649354752283"
                },
                {
                    "name": "inventory_management",
                    "value": "shopify"
                },
                {
                    "name": "inventory_policy",
                    "value": "deny"
                },
                {
                    "name": "shopify_variant_id",
                    "value": "43551426707739"
                }
            ],
            "keywords": [
                "bronzer",
                "face",
                "makeup"
            ],
            "tax_class_id": "",
            "manufacturer": ""
        },
        {
            "brand": "Hourglass",
            "is_searchable": true,
            "is_published": true,
            "show_in_listing": true,
            "product_id": "877231006527",
            "variant_group_id": "7931974615323",
            "external_identifiers": [
                {
                    "type": "sku",
                    "value": "877231006527"
                },
                {
                    "type": "shopify_inventory_item_id",
                    "value": "45649357537563"
                },
                {
                    "type": "upc",
                    "value": "877231006527"
                },
                {
                    "type": "isbn",
                    "value": "877231006527"
                },
                {
                    "type": "ean13",
                    "value": "877231006527"
                }
            ],
            "title": "Unlocked Instant Extensions Mascara, Ultra Black",
            "caption": "Unlocked Instant Extensions Mascara, Ultra Black",
            "description": "The look of lash extensions in an instant. This mascara is the ultimate formula for when more is more: more definition, more lift and more length to transform lashes with impossibly real results. Using film-forming technology, it coats each lash in lightweight fibers that lock in place for a high-impact, fanned-out finish and smudge-proof wear, Look of lash extensions, Instant payoff, Intense length, lift and definition, Film-forming technology, Smudge-proof, Molded brush targets every lash, Removes easily with warm water, Ophthalmologist tested, Vegan and cruelty free. How to use: Starting at the base of the lashes, pull mascara brush straight through from root to tip. One application provides an instant effect, but additional coats add intense definition, length and lift. To remove, splash warm water onto eyes. Gently use fingers to slide mascara tubes from the lashes.\n",
            "shipping_weight_unit": "lb",
            "shipping_weight_value": 0.13,
            "shipping_dimension_length": 0.0,
            "shipping_dimension_width": 0.0,
            "shipping_dimension_height": 0.0,
            "shipping_dimension_unit": "cm",
            "images": [
                {
                    "url": "https://cdn.shopify.com/s/files/1/0663/5290/6523/products/877231006527.jpg?v=1666133207",
                    "is_main": true,
                    "alt_text": ""
                },
                {
                    "url": "https://cdn.shopify.com/s/files/1/0663/5290/6523/products/877231006527-alt1.jpg?v=1666133207",
                    "alt_text": null,
                    "is_color_swatch": false
                }
            ],
            "variation_color_value": "Default Title",
            "variation_size_value": null,
            "material": "",
            "google_category": "none",
            "categories": [
                {
                    "path": "All"
                },
                {
                    "path": "All > hourglass",
                    "is_main": true
                },
                {
                    "path": "All > Makeup"
                },
                {
                    "path": "All > 50$ and Under"
                },
                {
                    "path": "All > All Products"
                },
                {
                    "path": "All > Eyes"
                },
                {
                    "path": "All > OrderlyEmails - Recommended Products"
                },
                {
                    "path": "All > Mascara"
                }
            ],
            "extended_attributes": [
                {
                    "name": "tags",
                    "value": "$50, eyes, makeup, mascara, spring-picks"
                },
                {
                    "name": "product_created_at",
                    "value": "2022-10-18T18:46:47-04:00"
                },
                {
                    "name": "variant_created_at",
                    "value": "2022-10-18T18:46:47-04:00"
                },
                {
                    "name": "product_updated_at",
                    "value": "2022-10-18T18:46:50-04:00"
                },
                {
                    "name": "variant_updated_at",
                    "value": "2022-10-18T18:46:47-04:00"
                },
                {
                    "name": "product_handle",
                    "value": "unlocked-instant-extensions-mascara-ultra-black-877231006527"
                },
                {
                    "name": "product_published_at",
                    "value": "2022-05-23T09:58:38-04:00"
                },
                {
                    "name": "product_published_scope",
                    "value": "web"
                },
                {
                    "name": "fulfillment_service",
                    "value": "manual"
                },
                {
                    "name": "inventory_item_id",
                    "value": "45649357537563"
                },
                {
                    "name": "inventory_management",
                    "value": "shopify"
                },
                {
                    "name": "inventory_policy",
                    "value": "deny"
                },
                {
                    "name": "shopify_variant_id",
                    "value": "43551429493019"
                }
            ],
            "keywords": [
                "$50",
                "eyes", 
                "makeup", 
                "mascara",
                "spring-picks"
            ],
            "tax_class_id": "",
            "manufacturer": "" 
        },
        {
            "brand": "AUGUSTINUS BADER",
            "is_searchable": true,
            "is_published": true,
            "show_in_listing": true,
            "product_id": "5060552905647",
            "variant_group_id": "7932099002651",
            "external_identifiers": [
                {
                    "type": "sku",
                    "value": "5060552905647"
                },
                {
                    "type": "shopify_inventory_item_id",
                    "value": "45649615356187"
                },
                {
                    "type": "upc",
                    "value": "5060552905647"
                },
                {
                    "type": "isbn",
                    "value": "5060552905647"
                },
                {
                    "type": "ean13",
                    "value": "5060552905647"
                }
            ],
            "title": "The Light Cream",
            "caption": "The Light Cream",
            "description": "A light, mattifying moisturizer that hydrates, balances, renews, and protects while improving the complexion's appearance, and preventing unwanted shine. Powered by TFC8®. Targets the root causes of overactive sebum, while offering antioxidant protection against pollution and other environmental triggers of unwanted shine. Augustinus Bader skincare is formulated with sustainably-sourced, high potency botanicals and bio-engineered clean actives, where possible, to reduce environmental impact. Australian Lemon Myrtle Extract: A polyphenol-rich botanical that helps protect skin against environmental oxidation and aggressors such as pollution that can trigger overproduction of oil. Known to help reduce inflammation and balance sebum levels. Rice Bran Oil: A plant-based antioxidant powerhouse that protects against free radicals and visible signs of premature aging. With a high concentration of oleic and linolenic acids, it is ideal for acne prone skin. This multitasking active provides hydration without clogging pores, for skin that is supple, soft and smooth. Triple Hydration Complex: An innovative, ultra-hydrating skincare technology. Helps to maintain skin hydration and firmness, while strengthening skins protective barrier to prevent trans-epidermal water loss. Baobab Leaf Extract: A renewing plant extract known to help improve skin elasticity and tone, while lifting, smoothing and improving the appearance of wrinkles and visible signs of fatigue. Balancing Duo: A blend of potent botanical compounds derived from wetland grasses and the Poria mushroom. Strengthens the skin while soothing irritation and inflammation, to improve barrier function and increase resilience from external stressors. Aloe Vera: An anti-oxidant-rich, anti-inflammatory prized for its powerful calming and rebalancing properties - reducing redness and comforting irritated, reactive skin, while flooding skin with moisture. Bio-Optimized Green Tea: A potent, detoxifying molecule, known to be 25x more effective than Vitamin C. Relieves inflammation, protects against free radicals, and inhibits the destruction of collagen, for skin that is smooth, toned and more resilient. How to use: After cleansing and prepping your skin with Augustinus Bader products, gently massage the desired amount of The Light Cream over the face, neck, and décolleté. Smooth the cream along your jawline in upward sweeping motions. Sweep from your nose to your ears and across your forehead and massage cream over the cheeks to your temples. Apply from the base of the neck to the tip of the chin and take any excess cream and massage over the décolleté.\n",
            "shipping_weight_unit": "lb",
            "shipping_weight_value": 0.45,
            "shipping_dimension_length": 0.0,
            "shipping_dimension_width": 0.0,
            "shipping_dimension_height": 0.0,
            "shipping_dimension_unit": "cm",
            "images": [
                {
                    "url": "https://cdn.shopify.com/s/files/1/0663/5290/6523/products/5060552905647.jpg?v=1666136616",
                    "is_main": true,
                    "alt_text": ""
                },
                {
                    "url": "https://cdn.shopify.com/s/files/1/0663/5290/6523/products/5060552905647-alt1.jpg?v=1666136616",
                    "alt_text": null,
                    "is_color_swatch": false
                },
                {
                    "url": "https://cdn.shopify.com/s/files/1/0663/5290/6523/products/5060552905647-alt2.jpg?v=1666136617",
                    "alt_text": null,
                    "is_color_swatch": false
                },
                {
                    "url": "https://cdn.shopify.com/s/files/1/0663/5290/6523/products/5060552905647-alt3.jpg?v=1666136617",
                    "alt_text": null,
                    "is_color_swatch": false
                }
            ],
            "variation_color_value": "Default Title",
            "variation_size_value": null,
            "material": "",
            "google_category": "none",
            "categories": [
                {
                    "path": "All"
                },
                {
                    "path": "All > NEW ARRIVALS",
                    "is_main": true
                },
                {
                    "path": "All > Moisturizer"
                },
                {
                    "path": "All > SKINCARE"
                },
                {
                    "path": "All > Augustinus Bader"
                },
                {
                    "path": "All > skincare-moisturizer"
                },
                {
                    "path": "All > All Products"
                },
                {
                    "path": "All > BB & CC Creams"
                },
                {
                    "path": "All > OrderlyEmails - Recommended Products"
                }
            ],
            "extended_attributes": [
                {
                    "name": "tags",
                    "value": "bb-cc-creams, moisturizer, new-arrivals, skincare, skincare-moisturizer"
                },
                {
                    "name": "product_created_at",
                    "value": "2022-10-18T19:43:36-04:00"
                },
                {
                    "name": "variant_created_at",
                    "value": "2022-10-18T19:43:37-04:00"
                },
                {
                    "name": "product_updated_at",
                    "value": "2022-10-18T19:43:40-04:00"
                },
                {
                    "name": "variant_updated_at",
                    "value": "2022-10-18T19:43:37-04:00"
                },
                {
                    "name": "product_handle",
                    "value": "the-light-cream-5060552905647"
                },
                {
                    "name": "product_published_at",
                    "value": "2022-06-16T09:23:36-04:00"
                },
                {
                    "name": "product_published_scope",
                    "value": "web"
                },
                {
                    "name": "fulfillment_service",
                    "value": "manual"
                },
                {
                    "name": "inventory_item_id",
                    "value": "45649615356187"
                },
                {
                    "name": "inventory_management",
                    "value": "shopify"
                },
                {
                    "name": "inventory_policy",
                    "value": "deny"
                },
                {
                    "name": "shopify_variant_id",
                    "value": "43551687311643"
                }
            ],
            "keywords": [
                "bb-cc-creams", 
                "moisturizer", 
                "new-arrivals",
                "skincare", 
                "skincare-moisturizer"
            ],
            "tax_class_id": "",
            "manufacturer": ""
        },
        {
            "brand": "AUGUSTINUS BADER",
            "is_searchable": true,
            "is_published": true,
            "show_in_listing": true,
            "product_id": "5060552903278",
            "variant_group_id": "7932066332955",
            "external_identifiers": [
                {
                    "type": "sku",
                    "value": "5060552903278"
                },
                {
                    "type": "shopify_inventory_item_id",
                    "value": "45649531142427"
                },
                {
                    "type": "upc",
                    "value": "5060552903278"
                },
                {
                    "type": "isbn",
                    "value": "5060552903278"
                },
                {
                    "type": "ean13",
                    "value": "5060552903278"
                }
            ],
            "title": "The Hair Oil",
            "caption": "The Hair Oil",
            "description": "An ultra-restorative elixir, The Hair Oil delivers a concentrated dose of nutrition directly to the hair shaft - tackling visible signs of damage, providing lasting protection, and rebuilding healthier-looking hair. This clean, fast-absorbing formula revitalizes the hair, instantly perfecting its look and texture, while helping to reduce breakage, seal split ends and boost thickness and volume. Experience hair care redefined. Backed by over 30 years of cuttingedge science. Powered by TFC8®. Augustinus Bader haircare is formulated with sustainably-sourced, high potency botanicals and bio-engineered clean actives where possible, to reduce environmental impact. THE SCALP TREATMENT Powered by our patented TFC8® technology, and formulated with potent hair superfoods rich in natural proteins, antioxidants, and omega fatty acids including Oat Kernel Oil, Watercress, Indian Cress, and Maca Root extracts, and Vitamin B5 to smooth, hydrate, nourish and protect. Instantly improves the look and feel of hair, while delivering long-term nourishment and protection - for healthier-looking hair, Helps to reduce breakage, mend split ends, and strengthen and thicken weak or brittle strands for silkier, fuller hair, Combats visible signs of damage - from over-styling and heat to aging and environmental aggressors, Intensely hydrates, improves elasticity, and restores dull, tired strands - enhancing hair’s natural texture and luster, Detangles, smooths and controls frizz, and boosts shine for soft, vibrant hair. How to use: Apply 2-3x a week. Suitable for all hair types. Apply 1-3 drops to clean, dry or towel-dried hair, Using your fingers to ensure an ideal distribution of product, work 1-3 drops of product through the hair, starting from the mid-lengths to the ends. Do not rinse. Use as needed to nourish, de-frizz/smooth, detangle, and add shine.\n",
            "shipping_weight_unit": "lb",
            "shipping_weight_value": 0.82,
            "shipping_dimension_length": 0.0,
            "shipping_dimension_width": 0.0,
            "shipping_dimension_height": 0.0,
            "shipping_dimension_unit": "cm",
            "images": [
                {
                    "url": "https://cdn.shopify.com/s/files/1/0663/5290/6523/products/5060552903278.jpg?v=1666135417",
                    "is_main": true,
                    "alt_text": ""
                },
                {
                    "url": "https://cdn.shopify.com/s/files/1/0663/5290/6523/products/5060552903278_3.jpg?v=1666135417",
                    "alt_text": null,
                    "is_color_swatch": false
                },
                {
                    "url": "https://cdn.shopify.com/s/files/1/0663/5290/6523/products/5060552903278_1.jpg?v=1666135417",
                    "alt_text": null,
                    "is_color_swatch": false
                },
                {
                    "url": "https://cdn.shopify.com/s/files/1/0663/5290/6523/products/5060552903278_2.jpg?v=1666135417",
                    "alt_text": null,
                    "is_color_swatch": false
                }
            ],
            "variation_color_value": "Default Title",
            "variation_size_value": null,
            "material": "",
            "google_category": "none",
            "categories": [
                {
                    "path": "All"
                },
                {
                    "path": "All > Augustinus Bader",
                    "is_main": true
                },
                {
                    "path": "All > All Products"
                },
                {
                    "path": "All > Treatments & Masks"
                },
                {
                    "path": "All > OrderlyEmails - Recommended Products"
                },
                {
                    "path": "All > Hair"
                }
            ],
            "extended_attributes": [
                {
                    "name": "tags",
                    "value": "hair, spring-picks, treatments-masks"
                },
                {
                    "name": "product_created_at",
                    "value": "2022-10-18T19:23:37-04:00"
                },
                {
                    "name": "variant_created_at",
                    "value": "2022-10-18T19:23:37-04:00"
                },
                {
                    "name": "product_updated_at",
                    "value": "2022-10-18T19:23:40-04:00"
                },
                {
                    "name": "variant_updated_at",
                    "value": "2022-10-18T19:23:37-04:00"
                },
                {
                    "name": "product_handle",
                    "value": "the-hair-oil-5060552903278"
                },
                {
                    "name": "product_published_at",
                    "value": "2022-05-24T15:59:33-04:00"
                },
                {
                    "name": "product_published_scope",
                    "value": "web"
                },
                {
                    "name": "fulfillment_service",
                    "value": "manual"
                },
                {
                    "name": "inventory_item_id",
                    "value": "45649531142427"
                },
                {
                    "name": "inventory_management",
                    "value": "shopify"
                },
                {
                    "name": "inventory_policy",
                    "value": "deny"
                },
                {
                    "name": "shopify_variant_id",
                    "value": "43551603097883"
                }
            ],
            "keywords": [
                "hair", 
                "spring-picks", 
                "treatments-masks"
            ],
            "tax_class_id": "",
            "manufacturer": "" 
        },
        {
            "brand": "Patchology",
            "is_searchable": true,
            "is_published": true,
            "show_in_listing": true,
            "product_id": "818262020175",
            "variant_group_id": "7931972911387",
            "external_identifiers": [
                {
                    "type": "sku",
                    "value": "818262020175"
                },
                {
                    "type": "shopify_inventory_item_id",
                    "value": "45649355800859"
                },
                {
                    "type": "upc",
                    "value": "818262020175"
                },
                {
                    "type": "isbn",
                    "value": "818262020175"
                },
                {
                    "type": "ean13",
                    "value": "818262020175"
                }
            ],
            "title": "Perfect Weekend FlashMasque Kit",
            "caption": "Perfect Weekend FlashMasque Kit",
            "description": "Have it all this weekend with our Perfect Weekend FlashMasque® Kit. Including our 3, FlashMasque® 5 Minute Sheet Masks, this is sure to make the other days jealous. TGIF. It's time for your perfect weekend. Set includes: 1 FlashMasque® Hydrate 5 Minute Sheet Mask, 1 FlashMasque® Illuminate 5 Minute Sheet Mask, 1 FlashMasque® Soothe 5 Minute Sheet Mask\n",
            "shipping_weight_unit": "lb",
            "shipping_weight_value": 0.45,
            "shipping_dimension_length": 0.0,
            "shipping_dimension_width": 0.0,
            "shipping_dimension_height": 0.0,
            "shipping_dimension_unit": "cm",
            "images": [
                {
                    "url": "https://cdn.shopify.com/s/files/1/0663/5290/6523/products/818262020175_1.jpg?v=1666133203",
                    "is_main": true,
                    "alt_text": ""
                }
            ],
            "variation_color_value": "Default Title",
            "variation_size_value": null,
            "material": "",
            "google_category": "none",
            "categories": [
                {
                    "path": "All"
                },
                {
                    "path": "All > Patchology",
                    "is_main": true
                },
                {
                    "path": "All > SKINCARE"
                },
                {
                    "path": "All > Face Oils"
                },
                {
                    "path": "All > All Products"
                },
                {
                    "path": "All > OrderlyEmails - Recommended Products"
                }
                
            ],
            "extended_attributes": [
                {
                    "name": "tags",
                    "value": "face-oils, skincare"
                },
                {
                    "name": "product_created_at",
                    "value": "2022-10-18T18:46:43-04:00"
                },
                {
                    "name": "variant_created_at",
                    "value": "2022-10-18T18:46:43-04:00"
                },
                {
                    "name": "product_updated_at",
                    "value": "2022-10-18T18:46:45-04:00"
                },
                {
                    "name": "variant_updated_at",
                    "value": "2022-10-18T18:46:43-04:00"
                },
                {
                    "name": "product_handle",
                    "value": "perfect-weekend-flashmasque-kit-818262020175"
                },
                {
                    "name": "product_published_at",
                    "value": "2022-05-23T10:35:21-04:00"
                },
                {
                    "name": "product_published_scope",
                    "value": "web"
                },
                {
                    "name": "fulfillment_service",
                    "value": "manual"
                },
                {
                    "name": "inventory_item_id",
                    "value": "45649355800859"
                },
                {
                    "name": "inventory_management",
                    "value": "shopify"
                },
                {
                    "name": "inventory_policy",
                    "value": "deny"
                },
                {
                    "name": "shopify_variant_id",
                    "value": "43551427756315"
                }
            ],
            "keywords": [
                "face-oils", 
                "skincare"
            ],
            "tax_class_id": "",
            "manufacturer": "" 
        }
    ]
}