{
  "head": {
    "store_mapping": [
      {
        "fulfillment_node_id": "10021",
        "store_id": "10021"
      }
    ],
    "mode": "on_hand"
  },
  "items": [
    {
      "product_id": "193586030421",
      "quantity": 9,
      "fulfillment_node_id": "10021"
    },
    {
      "product_id": "887365249455",
      "quantity": 9,
      "fulfillment_node_id": "10021"
    },
    {
      "product_id": "887365497351",
      "quantity": 10,
      "fulfillment_node_id": "10021"
    },
    {
      "product_id": "887365835429",
      "quantity": 10,
      "fulfillment_node_id": "10021"
    },
    {
      "product_id": "887365852594",
      "quantity": 10,
      "fulfillment_node_id": "10021"
    },
    {
      "product_id": "887365884304",
      "quantity": 10,
      "fulfillment_node_id": "10021"
    },
    {
      "product_id": "887365898363",
      "quantity": 9,
      "fulfillment_node_id": "10021"
    },
    {
      "product_id": "887365995680",
      "quantity": 10,
      "fulfillment_node_id": "10021"
    }
  ]
}