{
    "head": {
        "locale": "en-US",
        "catalog": "storefront-catalog-en",
        "is_master": true
    },
    "items": [
        {
            "product_id": "17771",
            "keywords": [],
            "images": [
                {
                    "url": "https://res.cloudinary.com/db0zftggw/image/upload/q_auto:best,f_auto,h_200/v1682346470/p/faherty/49899fa4e36c0342739b8133c494ffab.jpg",
                    "title": "DO NOT USE",
                    "is_main": true,
                    "alt_text": "DO NOT USE",
                    "dominant_color": "#E66163",
                    "width": 454,
                    "height": 278,
                    "aspect_ratio": 1.6330935
                }
            ],
            "shipping_weight_unit": "lb",
            "is_searchable": false,
            "is_available": false,
            "show_in_listing": false,
            "extended_attributes": [],
            "title": "DO NOT USE",
            "shipping_weight_value": 0.0,
            "tax_class_id": "",
            "categories": [],
            "shipping_dimension_height": 0.0,
            "description": "DO NOT USE",
            "brand": "",
            "material": "",
            "shipping_dimension_length": 0.0,
            "variation_color_value": "",
            "online_from": "2020-01-01T00:00:00Z",
            "online_to": "2020-01-01T00:00:01Z",
            "shipping_dimension_width": 0.0,
            "manufacturer": null,
            "shipping_dimension_unit": "cm",
            "external_identifiers": [
                {
                    "type": "sku",
                    "value": "DO_NOT_USE"
                }
            ],
            "variant_group_id": "DO_NOT_USE",
            "caption": "DO NOT USE",
            "variation_additional_1_value": "Custom",
            "variation_additional_1_name": "fit",
            "variation_size_value": "Custom"
        },
        {
            "product_id": "17772",
            "keywords": [],
            "images": [
                {
                    "url": "https://res.cloudinary.com/db0zftggw/image/upload/q_auto:best,f_auto,h_200/v1682346470/p/faherty/49899fa4e36c0342739b8133c494ffab.jpg",
                    "title": "DO NOT USE",
                    "is_main": true,
                    "alt_text": "DO NOT USE",
                    "dominant_color": "#E66163",
                    "width": 454,
                    "height": 278,
                    "aspect_ratio": 1.6330935
                }
            ],
            "shipping_weight_unit": "lb",
            "is_searchable": false,
            "is_available": false,
            "show_in_listing": false,
            "extended_attributes": [],
            "title": "DO NOT USE",
            "shipping_weight_value": 0.0,
            "tax_class_id": "",
            "categories": [],
            "shipping_dimension_height": 0.0,
            "description": "DO NOT USE",
            "brand": "",
            "material": "",
            "shipping_dimension_length": 0.0,
            "variation_color_value": "",
            "online_from": "2020-01-01T00:00:00Z",
            "online_to": "2020-01-01T00:00:01Z",
            "shipping_dimension_width": 0.0,
            "manufacturer": null,
            "shipping_dimension_unit": "cm",
            "external_identifiers": [
                {
                    "type": "sku",
                    "value": "DO_NOT_USE"
                }
            ],
            "variant_group_id": "DO_NOT_USE",
            "caption": "DO NOT USE",
            "variation_additional_1_value": "Custom",
            "variation_additional_1_name": "fit",
            "variation_size_value": "Custom"
        },
        {
            "product_id": "17773",
            "keywords": [],
            "images": [
                {
                    "url": "https://res.cloudinary.com/db0zftggw/image/upload/q_auto:best,f_auto,h_200/v1682346470/p/faherty/49899fa4e36c0342739b8133c494ffab.jpg",
                    "title": "DO NOT USE",
                    "is_main": true,
                    "alt_text": "DO NOT USE",
                    "dominant_color": "#E66163",
                    "width": 454,
                    "height": 278,
                    "aspect_ratio": 1.6330935
                }
            ],
            "shipping_weight_unit": "lb",
            "is_searchable": false,
            "is_available": false,
            "show_in_listing": false,
            "extended_attributes": [],
            "title": "DO NOT USE",
            "shipping_weight_value": 0.0,
            "tax_class_id": "",
            "categories": [],
            "shipping_dimension_height": 0.0,
            "description": "DO NOT USE",
            "brand": "",
            "material": "",
            "shipping_dimension_length": 0.0,
            "variation_color_value": "",
            "online_from": "2020-01-01T00:00:00Z",
            "online_to": "2020-01-01T00:00:01Z",
            "shipping_dimension_width": 0.0,
            "manufacturer": null,
            "shipping_dimension_unit": "cm",
            "external_identifiers": [
                {
                    "type": "sku",
                    "value": "DO_NOT_USE"
                }
            ],
            "variant_group_id": "DO_NOT_USE",
            "caption": "DO NOT USE",
            "variation_additional_1_value": "Custom",
            "variation_additional_1_name": "fit",
            "variation_size_value": "Custom"
        },
        {
            "product_id": "17774",
            "keywords": [],
            "images": [
                {
                    "url": "https://res.cloudinary.com/db0zftggw/image/upload/q_auto:best,f_auto,h_200/v1682346470/p/faherty/49899fa4e36c0342739b8133c494ffab.jpg",
                    "title": "DO NOT USE",
                    "is_main": true,
                    "alt_text": "DO NOT USE",
                    "dominant_color": "#E66163",
                    "width": 454,
                    "height": 278,
                    "aspect_ratio": 1.6330935
                }
            ],
            "shipping_weight_unit": "lb",
            "is_searchable": false,
            "is_available": false,
            "show_in_listing": false,
            "extended_attributes": [],
            "title": "DO NOT USE",
            "shipping_weight_value": 0.0,
            "tax_class_id": "",
            "categories": [],
            "shipping_dimension_height": 0.0,
            "description": "DO NOT USE",
            "brand": "",
            "material": "",
            "shipping_dimension_length": 0.0,
            "variation_color_value": "",
            "online_from": "2020-01-01T00:00:00Z",
            "online_to": "2020-01-01T00:00:01Z",
            "shipping_dimension_width": 0.0,
            "manufacturer": null,
            "shipping_dimension_unit": "cm",
            "external_identifiers": [
                {
                    "type": "sku",
                    "value": "DO_NOT_USE"
                }
            ],
            "variant_group_id": "DO_NOT_USE",
            "caption": "DO NOT USE",
            "variation_additional_1_value": "Custom",
            "variation_additional_1_name": "fit",
            "variation_size_value": "Custom"
        },
        {
            "product_id": "17775",
            "keywords": [],
            "images": [
                {
                    "url": "https://res.cloudinary.com/db0zftggw/image/upload/q_auto:best,f_auto,h_200/v1682346470/p/faherty/49899fa4e36c0342739b8133c494ffab.jpg",
                    "title": "DO NOT USE",
                    "is_main": true,
                    "alt_text": "DO NOT USE",
                    "dominant_color": "#E66163",
                    "width": 454,
                    "height": 278,
                    "aspect_ratio": 1.6330935
                }
            ],
            "shipping_weight_unit": "lb",
            "is_searchable": false,
            "is_available": false,
            "show_in_listing": false,
            "extended_attributes": [],
            "title": "DO NOT USE",
            "shipping_weight_value": 0.0,
            "tax_class_id": "",
            "categories": [],
            "shipping_dimension_height": 0.0,
            "description": "DO NOT USE",
            "brand": "",
            "material": "",
            "shipping_dimension_length": 0.0,
            "variation_color_value": "",
            "online_from": "2020-01-01T00:00:00Z",
            "online_to": "2020-01-01T00:00:01Z",
            "shipping_dimension_width": 0.0,
            "manufacturer": null,
            "shipping_dimension_unit": "cm",
            "external_identifiers": [
                {
                    "type": "sku",
                    "value": "DO_NOT_USE"
                }
            ],
            "variant_group_id": "DO_NOT_USE",
            "caption": "DO NOT USE",
            "variation_additional_1_value": "Custom",
            "variation_additional_1_name": "fit",
            "variation_size_value": "Custom"
        },
        {
            "product_id": "17776",
            "keywords": [],
            "images": [
                {
                    "url": "https://res.cloudinary.com/db0zftggw/image/upload/q_auto:best,f_auto,h_200/v1682346470/p/faherty/49899fa4e36c0342739b8133c494ffab.jpg",
                    "title": "DO NOT USE",
                    "is_main": true,
                    "alt_text": "DO NOT USE",
                    "dominant_color": "#E66163",
                    "width": 454,
                    "height": 278,
                    "aspect_ratio": 1.6330935
                }
            ],
            "shipping_weight_unit": "lb",
            "is_searchable": false,
            "is_available": false,
            "show_in_listing": false,
            "extended_attributes": [],
            "title": "DO NOT USE",
            "shipping_weight_value": 0.0,
            "tax_class_id": "",
            "categories": [],
            "shipping_dimension_height": 0.0,
            "description": "DO NOT USE",
            "brand": "",
            "material": "",
            "shipping_dimension_length": 0.0,
            "variation_color_value": "",
            "online_from": "2020-01-01T00:00:00Z",
            "online_to": "2020-01-01T00:00:01Z",
            "shipping_dimension_width": 0.0,
            "manufacturer": null,
            "shipping_dimension_unit": "cm",
            "external_identifiers": [
                {
                    "type": "sku",
                    "value": "DO_NOT_USE"
                }
            ],
            "variant_group_id": "DO_NOT_USE",
            "caption": "DO NOT USE",
            "variation_additional_1_value": "Custom",
            "variation_additional_1_name": "fit",
            "variation_size_value": "Custom"
        },
        {
            "product_id": "17777",
            "keywords": [],
            "images": [
                {
                    "url": "https://res.cloudinary.com/db0zftggw/image/upload/q_auto:best,f_auto,h_200/v1682346470/p/faherty/49899fa4e36c0342739b8133c494ffab.jpg",
                    "title": "DO NOT USE",
                    "is_main": true,
                    "alt_text": "DO NOT USE",
                    "dominant_color": "#E66163",
                    "width": 454,
                    "height": 278,
                    "aspect_ratio": 1.6330935
                }
            ],
            "shipping_weight_unit": "lb",
            "is_searchable": false,
            "is_available": false,
            "show_in_listing": false,
            "extended_attributes": [],
            "title": "DO NOT USE",
            "shipping_weight_value": 0.0,
            "tax_class_id": "",
            "categories": [],
            "shipping_dimension_height": 0.0,
            "description": "DO NOT USE",
            "brand": "",
            "material": "",
            "shipping_dimension_length": 0.0,
            "variation_color_value": "",
            "online_from": "2020-01-01T00:00:00Z",
            "online_to": "2020-01-01T00:00:01Z",
            "shipping_dimension_width": 0.0,
            "manufacturer": null,
            "shipping_dimension_unit": "cm",
            "external_identifiers": [
                {
                    "type": "sku",
                    "value": "DO_NOT_USE"
                }
            ],
            "variant_group_id": "DO_NOT_USE",
            "caption": "DO NOT USE",
            "variation_additional_1_value": "Custom",
            "variation_additional_1_name": "fit",
            "variation_size_value": "Custom"
        },
        {
            "product_id": "17778",
            "keywords": [],
            "images": [
                {
                    "url": "https://res.cloudinary.com/db0zftggw/image/upload/q_auto:best,f_auto,h_200/v1682346470/p/faherty/49899fa4e36c0342739b8133c494ffab.jpg",
                    "title": "DO NOT USE",
                    "is_main": true,
                    "alt_text": "DO NOT USE",
                    "dominant_color": "#E66163",
                    "width": 454,
                    "height": 278,
                    "aspect_ratio": 1.6330935
                }
            ],
            "shipping_weight_unit": "lb",
            "is_searchable": false,
            "is_available": false,
            "show_in_listing": false,
            "extended_attributes": [],
            "title": "DO NOT USE",
            "shipping_weight_value": 0.0,
            "tax_class_id": "",
            "categories": [],
            "shipping_dimension_height": 0.0,
            "description": "DO NOT USE",
            "brand": "",
            "material": "",
            "shipping_dimension_length": 0.0,
            "variation_color_value": "",
            "online_from": "2020-01-01T00:00:00Z",
            "online_to": "2020-01-01T00:00:01Z",
            "shipping_dimension_width": 0.0,
            "manufacturer": null,
            "shipping_dimension_unit": "cm",
            "external_identifiers": [
                {
                    "type": "sku",
                    "value": "DO_NOT_USE"
                }
            ],
            "variant_group_id": "DO_NOT_USE",
            "caption": "DO NOT USE",
            "variation_additional_1_value": "Custom",
            "variation_additional_1_name": "fit",
            "variation_size_value": "Custom"
        },
        {
            "product_id": "17809",
            "keywords": [],
            "images": [
                {
                    "url": "https://res.cloudinary.com/db0zftggw/image/upload/q_auto:best,f_auto,h_200/v1682346470/p/faherty/49899fa4e36c0342739b8133c494ffab.jpg",
                    "title": "DO NOT USE",
                    "is_main": true,
                    "alt_text": "DO NOT USE",
                    "dominant_color": "#E66163",
                    "width": 454,
                    "height": 278,
                    "aspect_ratio": 1.6330935
                }
            ],
            "shipping_weight_unit": "lb",
            "is_searchable": false,
            "is_available": false,
            "show_in_listing": false,
            "extended_attributes": [],
            "title": "DO NOT USE",
            "shipping_weight_value": 0.0,
            "tax_class_id": "",
            "categories": [],
            "shipping_dimension_height": 0.0,
            "description": "DO NOT USE",
            "brand": "",
            "material": "",
            "shipping_dimension_length": 0.0,
            "variation_color_value": "",
            "online_from": "2020-01-01T00:00:00Z",
            "online_to": "2020-01-01T00:00:01Z",
            "shipping_dimension_width": 0.0,
            "manufacturer": null,
            "shipping_dimension_unit": "cm",
            "external_identifiers": [
                {
                    "type": "sku",
                    "value": "DO_NOT_USE"
                }
            ],
            "variant_group_id": "DO_NOT_USE",
            "caption": "DO NOT USE",
            "variation_additional_1_value": "Custom",
            "variation_additional_1_name": "fit",
            "variation_size_value": "Custom"
        },
        {
            "product_id": "17816",
            "keywords": [],
            "images": [
                {
                    "url": "https://res.cloudinary.com/db0zftggw/image/upload/q_auto:best,f_auto,h_200/v1682346470/p/faherty/49899fa4e36c0342739b8133c494ffab.jpg",
                    "title": "DO NOT USE",
                    "is_main": true,
                    "alt_text": "DO NOT USE",
                    "dominant_color": "#E66163",
                    "width": 454,
                    "height": 278,
                    "aspect_ratio": 1.6330935
                }
            ],
            "shipping_weight_unit": "lb",
            "is_searchable": false,
            "is_available": false,
            "show_in_listing": false,
            "extended_attributes": [],
            "title": "DO NOT USE",
            "shipping_weight_value": 0.0,
            "tax_class_id": "",
            "categories": [],
            "shipping_dimension_height": 0.0,
            "description": "DO NOT USE",
            "brand": "",
            "material": "",
            "shipping_dimension_length": 0.0,
            "variation_color_value": "",
            "online_from": "2020-01-01T00:00:00Z",
            "online_to": "2020-01-01T00:00:01Z",
            "shipping_dimension_width": 0.0,
            "manufacturer": null,
            "shipping_dimension_unit": "cm",
            "external_identifiers": [
                {
                    "type": "sku",
                    "value": "DO_NOT_USE"
                }
            ],
            "variant_group_id": "DO_NOT_USE",
            "caption": "DO NOT USE",
            "variation_additional_1_value": "Custom",
            "variation_additional_1_name": "fit",
            "variation_size_value": "Custom"
        },
        {
            "product_id": "17818",
            "keywords": [],
            "images": [
                {
                    "url": "https://res.cloudinary.com/db0zftggw/image/upload/q_auto:best,f_auto,h_200/v1682346470/p/faherty/49899fa4e36c0342739b8133c494ffab.jpg",
                    "title": "DO NOT USE",
                    "is_main": true,
                    "alt_text": "DO NOT USE",
                    "dominant_color": "#E66163",
                    "width": 454,
                    "height": 278,
                    "aspect_ratio": 1.6330935
                }
            ],
            "shipping_weight_unit": "lb",
            "is_searchable": false,
            "is_available": false,
            "show_in_listing": false,
            "extended_attributes": [],
            "title": "DO NOT USE",
            "shipping_weight_value": 0.0,
            "tax_class_id": "",
            "categories": [],
            "shipping_dimension_height": 0.0,
            "description": "DO NOT USE",
            "brand": "",
            "material": "",
            "shipping_dimension_length": 0.0,
            "variation_color_value": "",
            "online_from": "2020-01-01T00:00:00Z",
            "online_to": "2020-01-01T00:00:01Z",
            "shipping_dimension_width": 0.0,
            "manufacturer": null,
            "shipping_dimension_unit": "cm",
            "external_identifiers": [
                {
                    "type": "sku",
                    "value": "DO_NOT_USE"
                }
            ],
            "variant_group_id": "DO_NOT_USE",
            "caption": "DO NOT USE",
            "variation_additional_1_value": "Custom",
            "variation_additional_1_name": "fit",
            "variation_size_value": "Custom"
        },
        {
            "product_id": "1723",
            "keywords": [],
            "images": [
                {
                    "url": "https://res.cloudinary.com/db0zftggw/image/upload/q_auto:best,f_auto,h_200/v1682346470/p/faherty/49899fa4e36c0342739b8133c494ffab.jpg",
                    "title": "DO NOT USE",
                    "is_main": true,
                    "alt_text": "DO NOT USE",
                    "dominant_color": "#E66163",
                    "width": 454,
                    "height": 278,
                    "aspect_ratio": 1.6330935
                }
            ],
            "shipping_weight_unit": "lb",
            "is_searchable": false,
            "is_available": false,
            "show_in_listing": false,
            "extended_attributes": [],
            "title": "DO NOT USE",
            "shipping_weight_value": 0.0,
            "tax_class_id": "",
            "categories": [],
            "shipping_dimension_height": 0.0,
            "description": "DO NOT USE",
            "brand": "",
            "material": "",
            "shipping_dimension_length": 0.0,
            "variation_color_value": "",
            "online_from": "2020-01-01T00:00:00Z",
            "online_to": "2020-01-01T00:00:01Z",
            "shipping_dimension_width": 0.0,
            "manufacturer": null,
            "shipping_dimension_unit": "cm",
            "external_identifiers": [
                {
                    "type": "sku",
                    "value": "DO_NOT_USE"
                }
            ],
            "variant_group_id": "DO_NOT_USE",
            "caption": "DO NOT USE",
            "variation_additional_1_value": "Custom",
            "variation_additional_1_name": "fit",
            "variation_size_value": "Custom"
        },
        {
            "product_id": "17921",
            "keywords": [],
            "images": [
                {
                    "url": "https://res.cloudinary.com/db0zftggw/image/upload/q_auto:best,f_auto,h_200/v1682346470/p/faherty/49899fa4e36c0342739b8133c494ffab.jpg",
                    "title": "DO NOT USE",
                    "is_main": true,
                    "alt_text": "DO NOT USE",
                    "dominant_color": "#E66163",
                    "width": 454,
                    "height": 278,
                    "aspect_ratio": 1.6330935
                }
            ],
            "shipping_weight_unit": "lb",
            "is_searchable": false,
            "is_available": false,
            "show_in_listing": false,
            "extended_attributes": [],
            "title": "DO NOT USE",
            "shipping_weight_value": 0.0,
            "tax_class_id": "",
            "categories": [],
            "shipping_dimension_height": 0.0,
            "description": "DO NOT USE",
            "brand": "",
            "material": "",
            "shipping_dimension_length": 0.0,
            "variation_color_value": "",
            "online_from": "2020-01-01T00:00:00Z",
            "online_to": "2020-01-01T00:00:01Z",
            "shipping_dimension_width": 0.0,
            "manufacturer": null,
            "shipping_dimension_unit": "cm",
            "external_identifiers": [
                {
                    "type": "sku",
                    "value": "DO_NOT_USE"
                }
            ],
            "variant_group_id": "DO_NOT_USE",
            "caption": "DO NOT USE",
            "variation_additional_1_value": "Custom",
            "variation_additional_1_name": "fit",
            "variation_size_value": "Custom"
        },
        {
            "product_id": "656509703609",
            "keywords": [],
            "images": [
                {
                    "url": "https://res.cloudinary.com/db0zftggw/image/upload/q_auto:best,f_auto,h_200/v1682346470/p/faherty/49899fa4e36c0342739b8133c494ffab.jpg",
                    "title": "DO NOT USE",
                    "is_main": true,
                    "alt_text": "DO NOT USE",
                    "dominant_color": "#E66163",
                    "width": 454,
                    "height": 278,
                    "aspect_ratio": 1.6330935
                }
            ],
            "shipping_weight_unit": "lb",
            "is_searchable": false,
            "is_available": false,
            "show_in_listing": false,
            "extended_attributes": [],
            "title": "DO NOT USE",
            "shipping_weight_value": 0.0,
            "tax_class_id": "",
            "categories": [],
            "shipping_dimension_height": 0.0,
            "description": "DO NOT USE",
            "brand": "",
            "material": "",
            "shipping_dimension_length": 0.0,
            "variation_color_value": "",
            "online_from": "2020-01-01T00:00:00Z",
            "online_to": "2020-01-01T00:00:01Z",
            "shipping_dimension_width": 0.0,
            "manufacturer": null,
            "shipping_dimension_unit": "cm",
            "external_identifiers": [
                {
                    "type": "sku",
                    "value": "DO_NOT_USE"
                }
            ],
            "variant_group_id": "DO_NOT_USE",
            "caption": "DO NOT USE",
            "variation_additional_1_value": "Custom",
            "variation_additional_1_name": "fit",
            "variation_size_value": "Custom"
        },
        {
            "product_id": "843605148025",
            "keywords": [],
            "images": [
                {
                    "url": "https://res.cloudinary.com/db0zftggw/image/upload/q_auto:best,f_auto,h_200/v1682346470/p/faherty/49899fa4e36c0342739b8133c494ffab.jpg",
                    "title": "DO NOT USE",
                    "is_main": true,
                    "alt_text": "DO NOT USE",
                    "dominant_color": "#E66163",
                    "width": 454,
                    "height": 278,
                    "aspect_ratio": 1.6330935
                }
            ],
            "shipping_weight_unit": "lb",
            "is_searchable": false,
            "is_available": false,
            "show_in_listing": false,
            "extended_attributes": [],
            "title": "DO NOT USE",
            "shipping_weight_value": 0.0,
            "tax_class_id": "",
            "categories": [],
            "shipping_dimension_height": 0.0,
            "description": "DO NOT USE",
            "brand": "",
            "material": "",
            "shipping_dimension_length": 0.0,
            "variation_color_value": "",
            "online_from": "2020-01-01T00:00:00Z",
            "online_to": "2020-01-01T00:00:01Z",
            "shipping_dimension_width": 0.0,
            "manufacturer": null,
            "shipping_dimension_unit": "cm",
            "external_identifiers": [
                {
                    "type": "sku",
                    "value": "DO_NOT_USE"
                }
            ],
            "variant_group_id": "DO_NOT_USE",
            "caption": "DO NOT USE",
            "variation_additional_1_value": "Custom",
            "variation_additional_1_name": "fit",
            "variation_size_value": "Custom"
        },
        {
            "product_id": "21860",
            "keywords": [],
            "images": [
                {
                    "url": "https://res.cloudinary.com/db0zftggw/image/upload/q_auto:best,f_auto,h_200/v1682346470/p/faherty/49899fa4e36c0342739b8133c494ffab.jpg",
                    "title": "DO NOT USE",
                    "is_main": true,
                    "alt_text": "DO NOT USE",
                    "dominant_color": "#E66163",
                    "width": 454,
                    "height": 278,
                    "aspect_ratio": 1.6330935
                }
            ],
            "shipping_weight_unit": "lb",
            "is_searchable": false,
            "is_available": false,
            "show_in_listing": false,
            "extended_attributes": [],
            "title": "DO NOT USE",
            "shipping_weight_value": 0.0,
            "tax_class_id": "",
            "categories": [],
            "shipping_dimension_height": 0.0,
            "description": "DO NOT USE",
            "brand": "",
            "material": "",
            "shipping_dimension_length": 0.0,
            "variation_color_value": "",
            "online_from": "2020-01-01T00:00:00Z",
            "online_to": "2020-01-01T00:00:01Z",
            "shipping_dimension_width": 0.0,
            "manufacturer": null,
            "shipping_dimension_unit": "cm",
            "external_identifiers": [
                {
                    "type": "sku",
                    "value": "DO_NOT_USE"
                }
            ],
            "variant_group_id": "DO_NOT_USE",
            "caption": "DO NOT USE",
            "variation_additional_1_value": "Custom",
            "variation_additional_1_name": "fit",
            "variation_size_value": "Custom"
        },
        {
            "product_id": "21861",
            "keywords": [],
            "images": [
                {
                    "url": "https://res.cloudinary.com/db0zftggw/image/upload/q_auto:best,f_auto,h_200/v1682346470/p/faherty/49899fa4e36c0342739b8133c494ffab.jpg",
                    "title": "DO NOT USE",
                    "is_main": true,
                    "alt_text": "DO NOT USE",
                    "dominant_color": "#E66163",
                    "width": 454,
                    "height": 278,
                    "aspect_ratio": 1.6330935
                }
            ],
            "shipping_weight_unit": "lb",
            "is_searchable": false,
            "is_available": false,
            "show_in_listing": false,
            "extended_attributes": [],
            "title": "DO NOT USE",
            "shipping_weight_value": 0.0,
            "tax_class_id": "",
            "categories": [],
            "shipping_dimension_height": 0.0,
            "description": "DO NOT USE",
            "brand": "",
            "material": "",
            "shipping_dimension_length": 0.0,
            "variation_color_value": "",
            "online_from": "2020-01-01T00:00:00Z",
            "online_to": "2020-01-01T00:00:01Z",
            "shipping_dimension_width": 0.0,
            "manufacturer": null,
            "shipping_dimension_unit": "cm",
            "external_identifiers": [
                {
                    "type": "sku",
                    "value": "DO_NOT_USE"
                }
            ],
            "variant_group_id": "DO_NOT_USE",
            "caption": "DO NOT USE",
            "variation_additional_1_value": "Custom",
            "variation_additional_1_name": "fit",
            "variation_size_value": "Custom"
        },
        {
            "product_id": "21866",
            "keywords": [],
            "images": [
                {
                    "url": "https://res.cloudinary.com/db0zftggw/image/upload/q_auto:best,f_auto,h_200/v1682346470/p/faherty/49899fa4e36c0342739b8133c494ffab.jpg",
                    "title": "DO NOT USE",
                    "is_main": true,
                    "alt_text": "DO NOT USE",
                    "dominant_color": "#E66163",
                    "width": 454,
                    "height": 278,
                    "aspect_ratio": 1.6330935
                }
            ],
            "shipping_weight_unit": "lb",
            "is_searchable": false,
            "is_available": false,
            "show_in_listing": false,
            "extended_attributes": [],
            "title": "DO NOT USE",
            "shipping_weight_value": 0.0,
            "tax_class_id": "",
            "categories": [],
            "shipping_dimension_height": 0.0,
            "description": "DO NOT USE",
            "brand": "",
            "material": "",
            "shipping_dimension_length": 0.0,
            "variation_color_value": "",
            "online_from": "2020-01-01T00:00:00Z",
            "online_to": "2020-01-01T00:00:01Z",
            "shipping_dimension_width": 0.0,
            "manufacturer": null,
            "shipping_dimension_unit": "cm",
            "external_identifiers": [
                {
                    "type": "sku",
                    "value": "DO_NOT_USE"
                }
            ],
            "variant_group_id": "DO_NOT_USE",
            "caption": "DO NOT USE",
            "variation_additional_1_value": "Custom",
            "variation_additional_1_name": "fit",
            "variation_size_value": "Custom"
        },
        {
            "product_id": "21877",
            "keywords": [],
            "images": [
                {
                    "url": "https://res.cloudinary.com/db0zftggw/image/upload/q_auto:best,f_auto,h_200/v1682346470/p/faherty/49899fa4e36c0342739b8133c494ffab.jpg",
                    "title": "DO NOT USE",
                    "is_main": true,
                    "alt_text": "DO NOT USE",
                    "dominant_color": "#E66163",
                    "width": 454,
                    "height": 278,
                    "aspect_ratio": 1.6330935
                }
            ],
            "shipping_weight_unit": "lb",
            "is_searchable": false,
            "is_available": false,
            "show_in_listing": false,
            "extended_attributes": [],
            "title": "DO NOT USE",
            "shipping_weight_value": 0.0,
            "tax_class_id": "",
            "categories": [],
            "shipping_dimension_height": 0.0,
            "description": "DO NOT USE",
            "brand": "",
            "material": "",
            "shipping_dimension_length": 0.0,
            "variation_color_value": "",
            "online_from": "2020-01-01T00:00:00Z",
            "online_to": "2020-01-01T00:00:01Z",
            "shipping_dimension_width": 0.0,
            "manufacturer": null,
            "shipping_dimension_unit": "cm",
            "external_identifiers": [
                {
                    "type": "sku",
                    "value": "DO_NOT_USE"
                }
            ],
            "variant_group_id": "DO_NOT_USE",
            "caption": "DO NOT USE",
            "variation_additional_1_value": "Custom",
            "variation_additional_1_name": "fit",
            "variation_size_value": "Custom"
        },
        {
            "product_id": "21879",
            "keywords": [],
            "images": [
                {
                    "url": "https://res.cloudinary.com/db0zftggw/image/upload/q_auto:best,f_auto,h_200/v1682346470/p/faherty/49899fa4e36c0342739b8133c494ffab.jpg",
                    "title": "DO NOT USE",
                    "is_main": true,
                    "alt_text": "DO NOT USE",
                    "dominant_color": "#E66163",
                    "width": 454,
                    "height": 278,
                    "aspect_ratio": 1.6330935
                }
            ],
            "shipping_weight_unit": "lb",
            "is_searchable": false,
            "is_available": false,
            "show_in_listing": false,
            "extended_attributes": [],
            "title": "DO NOT USE",
            "shipping_weight_value": 0.0,
            "tax_class_id": "",
            "categories": [],
            "shipping_dimension_height": 0.0,
            "description": "DO NOT USE",
            "brand": "",
            "material": "",
            "shipping_dimension_length": 0.0,
            "variation_color_value": "",
            "online_from": "2020-01-01T00:00:00Z",
            "online_to": "2020-01-01T00:00:01Z",
            "shipping_dimension_width": 0.0,
            "manufacturer": null,
            "shipping_dimension_unit": "cm",
            "external_identifiers": [
                {
                    "type": "sku",
                    "value": "DO_NOT_USE"
                }
            ],
            "variant_group_id": "DO_NOT_USE",
            "caption": "DO NOT USE",
            "variation_additional_1_value": "Custom",
            "variation_additional_1_name": "fit",
            "variation_size_value": "Custom"
        },
        {
            "product_id": "21881",
            "keywords": [],
            "images": [
                {
                    "url": "https://res.cloudinary.com/db0zftggw/image/upload/q_auto:best,f_auto,h_200/v1682346470/p/faherty/49899fa4e36c0342739b8133c494ffab.jpg",
                    "title": "DO NOT USE",
                    "is_main": true,
                    "alt_text": "DO NOT USE",
                    "dominant_color": "#E66163",
                    "width": 454,
                    "height": 278,
                    "aspect_ratio": 1.6330935
                }
            ],
            "shipping_weight_unit": "lb",
            "is_searchable": false,
            "is_available": false,
            "show_in_listing": false,
            "extended_attributes": [],
            "title": "DO NOT USE",
            "shipping_weight_value": 0.0,
            "tax_class_id": "",
            "categories": [],
            "shipping_dimension_height": 0.0,
            "description": "DO NOT USE",
            "brand": "",
            "material": "",
            "shipping_dimension_length": 0.0,
            "variation_color_value": "",
            "online_from": "2020-01-01T00:00:00Z",
            "online_to": "2020-01-01T00:00:01Z",
            "shipping_dimension_width": 0.0,
            "manufacturer": null,
            "shipping_dimension_unit": "cm",
            "external_identifiers": [
                {
                    "type": "sku",
                    "value": "DO_NOT_USE"
                }
            ],
            "variant_group_id": "DO_NOT_USE",
            "caption": "DO NOT USE",
            "variation_additional_1_value": "Custom",
            "variation_additional_1_name": "fit",
            "variation_size_value": "Custom"
        },
        {
            "product_id": "21883",
            "keywords": [],
            "images": [
                {
                    "url": "https://res.cloudinary.com/db0zftggw/image/upload/q_auto:best,f_auto,h_200/v1682346470/p/faherty/49899fa4e36c0342739b8133c494ffab.jpg",
                    "title": "DO NOT USE",
                    "is_main": true,
                    "alt_text": "DO NOT USE",
                    "dominant_color": "#E66163",
                    "width": 454,
                    "height": 278,
                    "aspect_ratio": 1.6330935
                }
            ],
            "shipping_weight_unit": "lb",
            "is_searchable": false,
            "is_available": false,
            "show_in_listing": false,
            "extended_attributes": [],
            "title": "DO NOT USE",
            "shipping_weight_value": 0.0,
            "tax_class_id": "",
            "categories": [],
            "shipping_dimension_height": 0.0,
            "description": "DO NOT USE",
            "brand": "",
            "material": "",
            "shipping_dimension_length": 0.0,
            "variation_color_value": "",
            "online_from": "2020-01-01T00:00:00Z",
            "online_to": "2020-01-01T00:00:01Z",
            "shipping_dimension_width": 0.0,
            "manufacturer": null,
            "shipping_dimension_unit": "cm",
            "external_identifiers": [
                {
                    "type": "sku",
                    "value": "DO_NOT_USE"
                }
            ],
            "variant_group_id": "DO_NOT_USE",
            "caption": "DO NOT USE",
            "variation_additional_1_value": "Custom",
            "variation_additional_1_name": "fit",
            "variation_size_value": "Custom"
        },
        {
            "product_id": "21888",
            "keywords": [],
            "images": [
                {
                    "url": "https://res.cloudinary.com/db0zftggw/image/upload/q_auto:best,f_auto,h_200/v1682346470/p/faherty/49899fa4e36c0342739b8133c494ffab.jpg",
                    "title": "DO NOT USE",
                    "is_main": true,
                    "alt_text": "DO NOT USE",
                    "dominant_color": "#E66163",
                    "width": 454,
                    "height": 278,
                    "aspect_ratio": 1.6330935
                }
            ],
            "shipping_weight_unit": "lb",
            "is_searchable": false,
            "is_available": false,
            "show_in_listing": false,
            "extended_attributes": [],
            "title": "DO NOT USE",
            "shipping_weight_value": 0.0,
            "tax_class_id": "",
            "categories": [],
            "shipping_dimension_height": 0.0,
            "description": "DO NOT USE",
            "brand": "",
            "material": "",
            "shipping_dimension_length": 0.0,
            "variation_color_value": "",
            "online_from": "2020-01-01T00:00:00Z",
            "online_to": "2020-01-01T00:00:01Z",
            "shipping_dimension_width": 0.0,
            "manufacturer": null,
            "shipping_dimension_unit": "cm",
            "external_identifiers": [
                {
                    "type": "sku",
                    "value": "DO_NOT_USE"
                }
            ],
            "variant_group_id": "DO_NOT_USE",
            "caption": "DO NOT USE",
            "variation_additional_1_value": "Custom",
            "variation_additional_1_name": "fit",
            "variation_size_value": "Custom"
        },
        {
            "product_id": "21890",
            "keywords": [],
            "images": [
                {
                    "url": "https://res.cloudinary.com/db0zftggw/image/upload/q_auto:best,f_auto,h_200/v1682346470/p/faherty/49899fa4e36c0342739b8133c494ffab.jpg",
                    "title": "DO NOT USE",
                    "is_main": true,
                    "alt_text": "DO NOT USE",
                    "dominant_color": "#E66163",
                    "width": 454,
                    "height": 278,
                    "aspect_ratio": 1.6330935
                }
            ],
            "shipping_weight_unit": "lb",
            "is_searchable": false,
            "is_available": false,
            "show_in_listing": false,
            "extended_attributes": [],
            "title": "DO NOT USE",
            "shipping_weight_value": 0.0,
            "tax_class_id": "",
            "categories": [],
            "shipping_dimension_height": 0.0,
            "description": "DO NOT USE",
            "brand": "",
            "material": "",
            "shipping_dimension_length": 0.0,
            "variation_color_value": "",
            "online_from": "2020-01-01T00:00:00Z",
            "online_to": "2020-01-01T00:00:01Z",
            "shipping_dimension_width": 0.0,
            "manufacturer": null,
            "shipping_dimension_unit": "cm",
            "external_identifiers": [
                {
                    "type": "sku",
                    "value": "DO_NOT_USE"
                }
            ],
            "variant_group_id": "DO_NOT_USE",
            "caption": "DO NOT USE",
            "variation_additional_1_value": "Custom",
            "variation_additional_1_name": "fit",
            "variation_size_value": "Custom"
        },
        {
            "product_id": "5999556680000",
            "keywords": [],
            "images": [
                {
                    "url": "https://res.cloudinary.com/db0zftggw/image/upload/q_auto:best,f_auto,h_200/v1682346470/p/faherty/49899fa4e36c0342739b8133c494ffab.jpg",
                    "title": "DO NOT USE",
                    "is_main": true,
                    "alt_text": "DO NOT USE",
                    "dominant_color": "#E66163",
                    "width": 454,
                    "height": 278,
                    "aspect_ratio": 1.6330935
                }
            ],
            "shipping_weight_unit": "lb",
            "is_searchable": false,
            "is_available": false,
            "show_in_listing": false,
            "extended_attributes": [],
            "title": "DO NOT USE",
            "shipping_weight_value": 0.0,
            "tax_class_id": "",
            "categories": [],
            "shipping_dimension_height": 0.0,
            "description": "DO NOT USE",
            "brand": "",
            "material": "",
            "shipping_dimension_length": 0.0,
            "variation_color_value": "",
            "online_from": "2020-01-01T00:00:00Z",
            "online_to": "2020-01-01T00:00:01Z",
            "shipping_dimension_width": 0.0,
            "manufacturer": null,
            "shipping_dimension_unit": "cm",
            "external_identifiers": [
                {
                    "type": "sku",
                    "value": "DO_NOT_USE"
                }
            ],
            "variant_group_id": "DO_NOT_USE",
            "caption": "DO NOT USE",
            "variation_additional_1_value": "Custom",
            "variation_additional_1_name": "fit",
            "variation_size_value": "Custom"
        }
    ]
}