{
    "head": {
        "store_mapping": [
            {
                "store_id": "0028",
                "fulfillment_node_id": "0028"
            }
        ],
        "mode": "atp"
    },
    "items": [
        {
            "product_id": "17771",
            "quantity": 0,
            "fulfillment_node_id": "0028"
        },
        {
            "product_id": "17772",
            "quantity": 0,
            "fulfillment_node_id": "0028"
        },
        {
            "product_id": "17773",
            "quantity": 0,
            "fulfillment_node_id": "0028"
        },
        {
            "product_id": "17774",
            "quantity": 0,
            "fulfillment_node_id": "0028"
        },
        {
            "product_id": "17775",
            "quantity": 0,
            "fulfillment_node_id": "0028"
        },
        {
            "product_id": "17776",
            "quantity": 0,
            "fulfillment_node_id": "0028"
        },
        {
            "product_id": "17777",
            "quantity": 0,
            "fulfillment_node_id": "0028"
        },
        {
            "product_id": "17778",
            "quantity": 0,
            "fulfillment_node_id": "0028"
        },
        {
            "product_id": "17809",
            "quantity": 0,
            "fulfillment_node_id": "0028"
        },
        {
            "product_id": "17816",
            "quantity": 0,
            "fulfillment_node_id": "0028"
        },
        {
            "product_id": "17818",
            "quantity": 0,
            "fulfillment_node_id": "0028"
        },
        {
            "product_id": "1723",
            "quantity": 0,
            "fulfillment_node_id": "0028"
        },
        {
            "product_id": "17921",
            "quantity": 0,
            "fulfillment_node_id": "0028"
        },
        {
            "product_id": "656509703609",
            "quantity": 0,
            "fulfillment_node_id": "0028"
        },
        {
            "product_id": "843605148025",
            "quantity": 0,
            "fulfillment_node_id": "0028"
        },
        {
            "product_id": "21860",
            "quantity": 0,
            "fulfillment_node_id": "0028"
        },
        {
            "product_id": "21861",
            "quantity": 0,
            "fulfillment_node_id": "0028"
        },
        {
            "product_id": "21866",
            "quantity": 0,
            "fulfillment_node_id": "0028"
        },
        {
            "product_id": "21877",
            "quantity": 0,
            "fulfillment_node_id": "0028"
        },
        {
            "product_id": "21879",
            "quantity": 0,
            "fulfillment_node_id": "0028"
        },
        {
            "product_id": "21881",
            "quantity": 0,
            "fulfillment_node_id": "0028"
        },
        {
            "product_id": "21883",
            "quantity": 0,
            "fulfillment_node_id": "0028"
        },
        {
            "product_id": "21888",
            "quantity": 0,
            "fulfillment_node_id": "0028"
        },
        {
            "product_id": "21890",
            "quantity": 0,
            "fulfillment_node_id": "0028"
        },
        {
            "product_id": "5999556680000",
            "quantity": 0,
            "fulfillment_node_id": "0028"
        }
    ]
}