{
    "head": {
        "store_mapping": [
            {
                "store_id": "0015",
                "fulfillment_node_id": "0015"
            }
        ],
        "mode": "atp"
    },
    "items": [
        {
            "product_id": "850001628792",
            "quantity": 0,
            "fulfillment_node_id": "0015"
        },
        {
            "product_id": "850001628808",
            "quantity": 0,
            "fulfillment_node_id": "0015"
        },
        {
            "product_id": "850044078288",
            "quantity": 0,
            "fulfillment_node_id": "0015"
        },
        {
            "product_id": "850044078295",
            "quantity": 0,
            "fulfillment_node_id": "0015"
        },
        {
            "product_id": "850001628495",
            "quantity": 0,
            "fulfillment_node_id": "0015"
        },
        {
            "product_id": "850001628501",
            "quantity": 0,
            "fulfillment_node_id": "0015"
        },
        {
            "product_id": "850001628525",
            "quantity": 0,
            "fulfillment_node_id": "0015"
        },
        {
            "product_id": "850001628785",
            "quantity": 0,
            "fulfillment_node_id": "0015"
        },
        {
            "product_id": "850044078271",
            "quantity": 0,
            "fulfillment_node_id": "0015"
        },
        {
            "product_id": "3701415901421",
            "quantity": 0,
            "fulfillment_node_id": "0015"
        },
        {
            "product_id": "3701415901445",
            "quantity": 0,
            "fulfillment_node_id": "0015"
        },
        {
            "product_id": "3701415901391",
            "quantity": 0,
            "fulfillment_node_id": "0015"
        },
        {
            "product_id": "860003937501",
            "quantity": 0,
            "fulfillment_node_id": "0015"
        },
        {
            "product_id": "690251122172",
            "quantity": 0,
            "fulfillment_node_id": "0015"
        },
        {
            "product_id": "690251122196",
            "quantity": 0,
            "fulfillment_node_id": "0015"
        },
        {
            "product_id": "690251122219",
            "quantity": 0,
            "fulfillment_node_id": "0015"
        },
        {
            "product_id": "690251122240",
            "quantity": 0,
            "fulfillment_node_id": "0015"
        },
        {
            "product_id": "690251122288",
            "quantity": 0,
            "fulfillment_node_id": "0015"
        },
        {
            "product_id": "690251122264",
            "quantity": 0,
            "fulfillment_node_id": "0015"
        },
        {
            "product_id": "888066135917",
            "quantity": 0,
            "fulfillment_node_id": "0015"
        },
        {
            "product_id": "888066135962",
            "quantity": 0,
            "fulfillment_node_id": "0015"
        },
        {
            "product_id": "888066135924",
            "quantity": 0,
            "fulfillment_node_id": "0015"
        },
        {
            "product_id": "888066135979",
            "quantity": 0,
            "fulfillment_node_id": "0015"
        },
        {
            "product_id": "888066135948",
            "quantity": 0,
            "fulfillment_node_id": "0015"
        },
        {
            "product_id": "888066135955",
            "quantity": 0,
            "fulfillment_node_id": "0015"
        },
        {
            "product_id": "888066135993",
            "quantity": 0,
            "fulfillment_node_id": "0015"
        },
        {
            "product_id": "888066135931",
            "quantity": 0,
            "fulfillment_node_id": "0015"
        },
        {
            "product_id": "888066135986",
            "quantity": 0,
            "fulfillment_node_id": "0015"
        },
        {
            "product_id": "38097005806",
            "quantity": 0,
            "fulfillment_node_id": "0015"
        },
        {
            "product_id": "990004500128",
            "quantity": 0,
            "fulfillment_node_id": "0015"
        },
        {
            "product_id": "990004502344",
            "quantity": 0,
            "fulfillment_node_id": "0015"
        },
        {
            "product_id": "990004500043",
            "quantity": 0,
            "fulfillment_node_id": "0015"
        },
        {
            "product_id": "990004500036",
            "quantity": 0,
            "fulfillment_node_id": "0015"
        },
        {
            "product_id": "990004500166",
            "quantity": 0,
            "fulfillment_node_id": "0015"
        },
        {
            "product_id": "990004501569",
            "quantity": 0,
            "fulfillment_node_id": "0015"
        },
        {
            "product_id": "990004502368",
            "quantity": 0,
            "fulfillment_node_id": "0015"
        },
        {
            "product_id": "990004500029",
            "quantity": 0,
            "fulfillment_node_id": "0015"
        },
        {
            "product_id": "990004500074",
            "quantity": 0,
            "fulfillment_node_id": "0015"
        },
        {
            "product_id": "990004500067",
            "quantity": 0,
            "fulfillment_node_id": "0015"
        },
        {
            "product_id": "990004500081",
            "quantity": 0,
            "fulfillment_node_id": "0015"
        },
        {
            "product_id": "990004501514",
            "quantity": 0,
            "fulfillment_node_id": "0015"
        },
        {
            "product_id": "990004500135",
            "quantity": 0,
            "fulfillment_node_id": "0015"
        },
        {
            "product_id": "990004500098",
            "quantity": 0,
            "fulfillment_node_id": "0015"
        }
    ]
}