{
    "head": {
        "locale": "en-US",
        "catalog": "storefront-catalog-ol",
        "is_master": true
    },
    "items": [
        {
            "shipping_weight_unit": "lb",
            "is_searchable": true,
            "is_available": true,
            "keywords": [
                "gift-card"
            ],
            "show_in_listing": true,
            "extended_attributes": [
                { 
                    "name": "pricebooks",
                    "value": "pgc-25,pgc-50,pgc-100,pgc-150,pgc-200,pgc-250,pgc-300,pgc-350,pgc-400,pgc-450,pgc-500,pgc-550,pgc-600,pgc-650,pgc-700,pgc-750,pgc-800,pgc-850,pgc-900,pgc-950,pgc-1000,pgc-1050,pgc-1100,pgc-1150,pgc-1200,pgc-1250,pgc-1300,pgc-1350,pgc-1400,pgc-1450,pgc-1500,pgc-1550,pgc-1600,pgc-1650,pgc-1700,pgc-1750,pgc-1800,pgc-1850,pgc-1900,pgc-1950,pgc-2000"
                },
                {
                    "name": "handle",
                    "value": "newstore-gift-card"
                },
                {
                    "name": "published_scope",
                    "value": "global"
                },
                {
                    "name": "fulfillment_service",
                    "value": "manual"
                },
                {
                    "name": "inventory_policy",
                    "value": "deny"
                },
                {
                    "name": "IsServiceItem",
                    "value": "true"
                }
            ],
            "title": "Physical Gift Card",
            "shipping_weight_value": 0.00,
            "tax_class_id": "PG050000",
            "categories": [
                {
                    "path": "All"
                },
                {
                    "path": "All > Gift Card",
                    "is_main": true
                }
            ],
            "shipping_dimension_height": 0.00,
            "description": "Physical gift card for store purchases",
            "brand": "",
            "material": "",
            "shipping_dimension_length": 0.00,
            "variation_color_value": "",
            "google_category": "none",
            "shipping_dimension_width": 0.00,
            "manufacturer": null,
            "shipping_dimension_unit": "cm",
            "product_id": "883760093198",
            "variant_group_id": "883760093198",
            "external_identifiers": [
                {
                    "type": "sku",
                    "value": "883760093198"
                }
            ],
            "caption": "PGC",
            "variation_additional_1_value": "Custom",
            "variation_additional_1_name": "fit",
            "variation_size_value": "Custom"
        }
    ]
}
