{
    "head": {
        "shop": "storefront-catalog-en",
        "locale": "en-US",
        "is_master": true,
        "filterable_attributes": [
            {
                "name": "material",
                "path": "$.material"
            },
            {
                "name": "fit",
                "path": "$.extended_attributes[?(@.name == 'fit')].value"
            }
        ],
        "searchable_attributes": [
            {
                "name": "product_id",
                "path": "$.product_id",
                "weight": 10
            },
            {
                "name": "ean13",
                "path": "$.external_identifiers[?(@.type == 'ean13')].value",
                "weight": 5
            }
        ]
    },
    "items": [
        {
            "product_id": "1000101",
            "variant_group_id": "variant_group_10001",
            "title": "Bohemian Print Cutout Chiffon Maxi Dress",
            "caption": "Our summer-ready chiffon dress features a bohemian print and beaded cut-outs for a textural twist to maxi styles. Full of creativity on every level, it offers delicate transparencies with a pleated hem for extra swish as you move through the summer heat.",
            "description": "Bohemian Print Chiffon Gathered Waist Silk Dress",
            "show_in_listing": true,
            "preorder_start": "2021-02-28T07:00:00Z",
            "online_from": "2021-03-15T07:00:00Z",
            "online_to": "2030-04-01T07:00:00Z",
            "images": [
                {
                    "url": "https://mycompany/hoster/images/default/products/SU16/10001_014_Multi_OFR-1.jpg",
                    "internal_dimension_height": 2000,
                    "internal_dimension_width": 1414,
                    "internal_dominant_color": "#F4F2F4",
                    "is_main": true
                },
                {
                    "url": "https://mycompany/hoster/images/default/products/SU16/10001_014_Multi_OSP-2.jpg",
                    "internal_dimension_height": 2000,
                    "internal_dimension_width": 1414,
                    "internal_dominant_color": "#F4F2F4"
                }
            ],
            "tax_class_id": "standard",
            "categories": [
                {
                    "path": "Special collection"
                },
                {
                    "path": "Releases > SUMMER 1"
                },
                {
                    "path": "Shop > Dresses",
                    "position": 10,
                    "is_main": true
                }
            ],
            "material": "LADIES' 100% SILK WOVEN DRESS",
            "country_of_origin": "CN",
            "product_hts_number": "6204.49.1000",
            "shipping_weight_value": 1,
            "shipping_weight_unit": "lb",
            "shipping_dimension_length": 5,
            "shipping_dimension_width": 5,
            "shipping_dimension_height": 5,
            "shipping_dimension_unit": "in",
            "variation_color_value": "Grace Sweater Beige",
            "variation_size_value": "4",
            "variation_size_gender": "unisex",
            "google_category": "none",
            "variation_size_type": "regular",
            "variation_size_system": "US",
            "external_identifiers": [
                {
                    "type": "sku",
                    "value": "3825952358"
                },
                {
                    "type": "ean13",
                    "value": "1000101000007"
                }
            ],
            "extended_attributes": [
                {
                    "name": "care",
                    "value": "1000101 This product doesn't need special caring instructions. Handwash at 50°F is sufficent enough."
                },
                {
                    "name": "fit",
                    "value": "1000101 Tight"
                }
            ]
        }
    ]
}