{
  "head": {
      "store_mapping": [
          {
           "fulfillment_node_id": "MTLDC1",
           "store_id": ""
         }
      ],
      "mode": "atp"
  },
  "items": [
    {
      "fulfillment_node_id": "MTLDC1",
      "product_id": "2120403-001-XXS",
      "quantity": 18
    }, {
      "fulfillment_node_id": "MTLDC1",
      "product_id": "2120403-001-XS",
      "quantity": 65
    }, {
      "fulfillment_node_id": "MTLDC1",
      "product_id": "2120403-001-S",
      "quantity": 105
    }, {
      "fulfillment_node_id": "MTLDC1",
      "product_id": "2120403-001-M",
      "quantity": 115
    }, {
      "fulfillment_node_id": "MTLDC1",
      "product_id": "2120403-001-L",
      "quantity": 47
    }, {
      "fulfillment_node_id": "MTLDC1",
      "product_id": "2120403-001-XL",
      "quantity": 10
    }
  ]
}
