{
  "head": {
    "pricebook": "default",
    "shop": "storefront-catalog-en",
    "currency": "CAD"
  },
  "items": [
    {
      "product_id": "2120403-001-XXS",
      "value": 59.50
    },
    {
      "product_id": "2120403-001-XS",
      "value": 59.50
    },
    {
      "product_id": "2120403-001-S",
      "value": 59.50
    },
    {
      "product_id": "2120403-001-M",
      "value": 59.50
    },
    {
      "product_id": "2120403-001-L",
      "value": 59.50
    },
    {
      "product_id": "2120403-001-XL",
      "value": 59.50
    }
  ]
}