{
  "head": {
    "shop": "storefront-catalog-en",
    "locale": "en-US",
    "is_master": true,
    "searchable_attributes": [
        {
            "name": "sku",
            "path": "$.external_identifiers[?(@.type == 'sku')].value",
            "weight": 1
        },
        {
            "name": "product_id",
            "path": "$.product_id",
            "weight": 2
        }
    ],
    "filterable_attributes": [
        {
            "name": "Size",
            "path": "$.variation_size_value"
        }
    ]
  },
  "items": [
    {
      "product_id": "2120403-001-XXS",
      "variant_group_id": "7457070842034",
      "title": "The Printed Long Sleeve Mockneck in Black",
      "description": "Versatility embodied. Crafted using conscious materials that are soft and comfortable, this long sleeve mockneck is the perfect layering piece to go from cold to coldest. Slim fit. Regular length. Wear it alone or under a sweater for extra warmth.",
      "show_in_listing": true,
      "is_searchable": true,
      "is_published": true,
      "tax_class_id": "PC040100",
      "images": [],
      "categories": [
        {
            "path": "All"
        },
        {
            "is_main": true,
            "path": "All > Women's"
        },
        {   
            "path": "All > All"
        }
      ],
      "variation_size_value": "XXS",
      "variation_size_gender": "women",
      "google_category": "none",
      "external_identifiers": [
        {
          "type": "sku",
          "value": "2120403-001-XXS"
        },
        {
          "type": "ean13",
          "value": "2120403-001-XXS"
        },
        {
            "type": "upc",
            "value": "2120403-001-XXS"
        },
        {
            "type": "shopifyInventoryItemId",
            "value": "44511318311090"
        }
      ],
      "extended_attributes": [
        {
          "name": "shopify_variant_id",
          "value": "42403963306162"
        },
        {
          "name": "inventory_item_id",
          "value": "44511318311090"
        },
        {
          "name": "inventory_policy",
          "value": "DENY"
        },
        {
          "name": "inventory_management",
          "value": "SHOPIFY"
        },
        {
          "name": "product_handle",
          "value": "2120403-001"
        },
        {
          "name": "fulfillment_service",
          "value": "manual"
        }
      ]
    },
    {
        "product_id": "2120403-001-XS",
        "variant_group_id": "7457070842034",
        "title": "The Printed Long Sleeve Mockneck in Black",
        "description": "Versatility embodied. Crafted using conscious materials that are soft and comfortable, this long sleeve mockneck is the perfect layering piece to go from cold to coldest. Slim fit. Regular length. Wear it alone or under a sweater for extra warmth.",
        "show_in_listing": true,
        "is_searchable": true,
        "is_published": true,
        "tax_class_id": "PC040100",
        "images": [],
        "categories": [
          {
              "path": "All"
          },
          {
              "is_main": true,
              "path": "All > Women's"
          },
          {   
              "path": "All > All"
          }
        ],
        "variation_size_value": "XS",
        "variation_size_gender": "women",
        "google_category": "none",
        "external_identifiers": [
          {
            "type": "sku",
            "value": "2120403-001-XS"
          },
          {
            "type": "ean13",
            "value": "2120403-001-XS"
          },
          {
              "type": "upc",
              "value": "2120403-001-XS"
          },
          {
              "type": "shopifyInventoryItemId",
              "value": "44511318343858"
          }
        ],
        "extended_attributes": [
          {
            "name": "shopify_variant_id",
            "value": "42403963338930"
          },
          {
            "name": "inventory_item_id",
            "value": "44511318343858"
          },
          {
            "name": "inventory_policy",
            "value": "DENY"
          },
          {
            "name": "inventory_management",
            "value": "SHOPIFY"
          },
          {
            "name": "product_handle",
            "value": "2120403-001"
          },
          {
            "name": "fulfillment_service",
            "value": "manual"
          }
        ]
      },
      {
        "product_id": "2120403-001-S",
        "variant_group_id": "7457070842034",
        "title": "The Printed Long Sleeve Mockneck in Black",
        "description": "Versatility embodied. Crafted using conscious materials that are soft and comfortable, this long sleeve mockneck is the perfect layering piece to go from cold to coldest. Slim fit. Regular length. Wear it alone or under a sweater for extra warmth.",
        "show_in_listing": true,
        "is_searchable": true,
        "is_published": true,
        "tax_class_id": "PC040100",
        "images": [],
        "categories": [
          {
              "path": "All"
          },
          {
              "is_main": true,
              "path": "All > Women's"
          },
          {   
              "path": "All > All"
          }
        ],
        "variation_size_value": "S",
        "variation_size_gender": "women",
        "google_category": "none",
        "external_identifiers": [
          {
            "type": "sku",
            "value": "2120403-001-S"
          },
          {
            "type": "ean13",
            "value": "2120403-001-S"
          },
          {
              "type": "upc",
              "value": "2120403-001-S"
          },
          {
              "type": "shopifyInventoryItemId",
              "value": "44511318376626"
          }
        ],
        "extended_attributes": [
          {
            "name": "shopify_variant_id",
            "value": "42403963371698"
          },
          {
            "name": "inventory_item_id",
            "value": "44511318376626"
          },
          {
            "name": "inventory_policy",
            "value": "DENY"
          },
          {
            "name": "inventory_management",
            "value": "SHOPIFY"
          },
          {
            "name": "product_handle",
            "value": "2120403-001"
          },
          {
            "name": "fulfillment_service",
            "value": "manual"
          }
        ]
      },
      {
        "product_id": "2120403-001-M",
        "variant_group_id": "7457070842034",
        "title": "The Printed Long Sleeve Mockneck in Black",
        "description": "Versatility embodied. Crafted using conscious materials that are soft and comfortable, this long sleeve mockneck is the perfect layering piece to go from cold to coldest. Slim fit. Regular length. Wear it alone or under a sweater for extra warmth.",
        "show_in_listing": true,
        "is_searchable": true,
        "is_published": true,
        "tax_class_id": "PC040100",
        "images": [],
        "categories": [
          {
              "path": "All"
          },
          {
              "is_main": true,
              "path": "All > Women's"
          },
          {   
              "path": "All > All"
          }
        ],
        "variation_size_value": "M",
        "variation_size_gender": "women",
        "google_category": "none",
        "external_identifiers": [
          {
            "type": "sku",
            "value": "2120403-001-M"
          },
          {
            "type": "ean13",
            "value": "2120403-001-M"
          },
          {
              "type": "upc",
              "value": "2120403-001-M"
          },
          {
              "type": "shopifyInventoryItemId",
              "value": "44511318409394"
          }
        ],
        "extended_attributes": [
          {
            "name": "shopify_variant_id",
            "value": "42403963404466"
          },
          {
            "name": "inventory_item_id",
            "value": "44511318409394"
          },
          {
            "name": "inventory_policy",
            "value": "DENY"
          },
          {
            "name": "inventory_management",
            "value": "SHOPIFY"
          },
          {
            "name": "product_handle",
            "value": "2120403-001"
          },
          {
            "name": "fulfillment_service",
            "value": "manual"
          }
        ]
      },
      {
        "product_id": "2120403-001-L",
        "variant_group_id": "7457070842034",
        "title": "The Printed Long Sleeve Mockneck in Black",
        "description": "Versatility embodied. Crafted using conscious materials that are soft and comfortable, this long sleeve mockneck is the perfect layering piece to go from cold to coldest. Slim fit. Regular length. Wear it alone or under a sweater for extra warmth.",
        "show_in_listing": true,
        "is_searchable": true,
        "is_published": true,
        "tax_class_id": "PC040100",
        "images": [],
        "categories": [
          {
              "path": "All"
          },
          {
              "is_main": true,
              "path": "All > Women's"
          },
          {   
              "path": "All > All"
          }
        ],
        "variation_size_value": "L",
        "variation_size_gender": "women",
        "google_category": "none",
        "external_identifiers": [
          {
            "type": "sku",
            "value": "2120403-001-XXS"
          },
          {
            "type": "ean13",
            "value": "2120403-001-L"
          },
          {
              "type": "upc",
              "value": "2120403-001-L"
          },
          {
              "type": "shopifyInventoryItemId",
              "value": "44511318442162"
          }
        ],
        "extended_attributes": [
          {
            "name": "shopify_variant_id",
            "value": "42403963437234"
          },
          {
            "name": "inventory_item_id",
            "value": "44511318442162"
          },
          {
            "name": "inventory_policy",
            "value": "DENY"
          },
          {
            "name": "inventory_management",
            "value": "SHOPIFY"
          },
          {
            "name": "product_handle",
            "value": "2120403-001"
          },
          {
            "name": "fulfillment_service",
            "value": "manual"
          }
        ]
      },
      {
        "product_id": "2120403-001-XL",
        "variant_group_id": "7457070842034",
        "title": "The Printed Long Sleeve Mockneck in Black",
        "description": "Versatility embodied. Crafted using conscious materials that are soft and comfortable, this long sleeve mockneck is the perfect layering piece to go from cold to coldest. Slim fit. Regular length. Wear it alone or under a sweater for extra warmth.",
        "show_in_listing": true,
        "is_searchable": true,
        "is_published": true,
        "tax_class_id": "PC040100",
        "images": [],
        "categories": [
          {
              "path": "All"
          },
          {
              "is_main": true,
              "path": "All > Women's"
          },
          {   
              "path": "All > All"
          }
        ],
        "variation_size_value": "XL",
        "variation_size_gender": "women",
        "google_category": "none",
        "external_identifiers": [
          {
            "type": "sku",
            "value": "2120403-001-XL"
          },
          {
            "type": "ean13",
            "value": "2120403-001-XL"
          },
          {
              "type": "upc",
              "value": "2120403-001-XL"
          },
          {
              "type": "shopifyInventoryItemId",
              "value": "44511318474930"
          }
        ],
        "extended_attributes": [
          {
            "name": "shopify_variant_id",
            "value": "42403963470002"
          },
          {
            "name": "inventory_item_id",
            "value": "44511318474930"
          },
          {
            "name": "inventory_policy",
            "value": "DENY"
          },
          {
            "name": "inventory_management",
            "value": "SHOPIFY"
          },
          {
            "name": "product_handle",
            "value": "2120403-001"
          },
          {
            "name": "fulfillment_service",
            "value": "manual"
          }
        ]
      }
  ]
}