{
  "head": {
    "store_mapping": [
      {
        "store_id": null,
        "fulfillment_node_id": "MTLDC1"
      }
    ],
    "mode": "on_hand"
  },
  "items": [
    {
        "product_id": "1110352-003-L",
        "quantity": 0,
        "fulfillment_node_id": "MTLDC1"
    },
    {
        "product_id": "1110352-003-M",
        "quantity": 0,
        "fulfillment_node_id": "MTLDC1"
    },
    {
        "product_id": "1110352-010-L",
        "quantity": 0,
        "fulfillment_node_id": "MTLDC1"
    },
    {
        "product_id": "1110352-010-M",
        "quantity": 0,
        "fulfillment_node_id": "MTLDC1"
    },
    {
        "product_id": "1110352-2BC-L",
        "quantity": 0,
        "fulfillment_node_id": "MTLDC1"
    },
    {
        "product_id": "1110352-2BC-M",
        "quantity": 0,
        "fulfillment_node_id": "MTLDC1"
    },
    {
        "product_id": "1110510-573-L",
        "quantity": 0,
        "fulfillment_node_id": "MTLDC1"
    },
    {
        "product_id": "1110510-573-M",
        "quantity": 0,
        "fulfillment_node_id": "MTLDC1"
    },
    {
        "product_id": "1110543-957-M",
        "quantity": 0,
        "fulfillment_node_id": "MTLDC1"
    },
    {
        "product_id": "1110547-403-L",
        "quantity": 0,
        "fulfillment_node_id": "MTLDC1"
    },
    {
        "product_id": "1110557-508-L",
        "quantity": 0,
        "fulfillment_node_id": "MTLDC1"
    },
    {
        "product_id": "1110582-5DV-L",
        "quantity": 0,
        "fulfillment_node_id": "MTLDC1"
    },
    {
        "product_id": "1110620-153-XL",
        "quantity": 0,
        "fulfillment_node_id": "MTLDC1"
    },
    {
        "product_id": "1110620-527-M",
        "quantity": 0,
        "fulfillment_node_id": "MTLDC1"
    },
    {
        "product_id": "1110621-109-L",
        "quantity": 0,
        "fulfillment_node_id": "MTLDC1"
    },
    {
        "product_id": "1110621-573-L",
        "quantity": 0,
        "fulfillment_node_id": "MTLDC1"
    },
    {
        "product_id": "1110624-824-L",
        "quantity": 0,
        "fulfillment_node_id": "MTLDC1"
    },
    {
        "product_id": "1110627-400-XL",
        "quantity": 0,
        "fulfillment_node_id": "MTLDC1"
    },
    {
        "product_id": "1120582-4JZ-M",
        "quantity": 0,
        "fulfillment_node_id": "MTLDC1"
    },
    {
        "product_id": "1120657-009-M",
        "quantity": 0,
        "fulfillment_node_id": "MTLDC1"
    },
    {
        "product_id": "1120657-481-XL",
        "quantity": 0,
        "fulfillment_node_id": "MTLDC1"
    },
    {
        "product_id": "1120691-559-M",
        "quantity": 0,
        "fulfillment_node_id": "MTLDC1"
    },
    {
        "product_id": "1120710-2ED-M",
        "quantity": 0,
        "fulfillment_node_id": "MTLDC1"
    },
    {
        "product_id": "1120710-556-M",
        "quantity": 0,
        "fulfillment_node_id": "MTLDC1"
    },
    {
        "product_id": "1120721-481-XL",
        "quantity": 0,
        "fulfillment_node_id": "MTLDC1"
    },
    {
        "product_id": "1120734-138-L",
        "quantity": 0,
        "fulfillment_node_id": "MTLDC1"
    },
    {
        "product_id": "1120740-002-L",
        "quantity": 0,
        "fulfillment_node_id": "MTLDC1"
    },
    {
        "product_id": "1120740-375-M",
        "quantity": 0,
        "fulfillment_node_id": "MTLDC1"
    },
    {
        "product_id": "1120802-527-L",
        "quantity": 0,
        "fulfillment_node_id": "MTLDC1"
    },
    {
        "product_id": "1130221-402-M",
        "quantity": 0,
        "fulfillment_node_id": "MTLDC1"
    },
    {
        "product_id": "1130222-402-L",
        "quantity": 0,
        "fulfillment_node_id": "MTLDC1"
    },
    {
        "product_id": "1130227-500-L",
        "quantity": 0,
        "fulfillment_node_id": "MTLDC1"
    },
    {
        "product_id": "1130253-236-M",
        "quantity": 0,
        "fulfillment_node_id": "MTLDC1"
    },
    {
        "product_id": "1130255-556-M",
        "quantity": 0,
        "fulfillment_node_id": "MTLDC1"
    },
    {
        "product_id": "1130258-2BE-L",
        "quantity": 0,
        "fulfillment_node_id": "MTLDC1"
    },
    {
        "product_id": "1130259-002-S",
        "quantity": 0,
        "fulfillment_node_id": "MTLDC1"
    },
    {
        "product_id": "1130260-206-M",
        "quantity": 0,
        "fulfillment_node_id": "MTLDC1"
    },
    {
        "product_id": "1130262-219-L",
        "quantity": 0,
        "fulfillment_node_id": "MTLDC1"
    },
    {
        "product_id": "1130262-853-S",
        "quantity": 0,
        "fulfillment_node_id": "MTLDC1"
    },
    {
        "product_id": "1130267-138-L",
        "quantity": 0,
        "fulfillment_node_id": "MTLDC1"
    },
    {
        "product_id": "1130267-414-L",
        "quantity": 0,
        "fulfillment_node_id": "MTLDC1"
    },
    {
        "product_id": "1130267-414-M",
        "quantity": 0,
        "fulfillment_node_id": "MTLDC1"
    },
    {
        "product_id": "1210336-556-32",
        "quantity": 0,
        "fulfillment_node_id": "MTLDC1"
    },
    {
        "product_id": "1210468-527-L",
        "quantity": 0,
        "fulfillment_node_id": "MTLDC1"
    },
    {
        "product_id": "1210476-003-32X32",
        "quantity": 0,
        "fulfillment_node_id": "MTLDC1"
    },
    {
        "product_id": "1210477-2AR-30X32",
        "quantity": 0,
        "fulfillment_node_id": "MTLDC1"
    },
    {
        "product_id": "1310110-545-M",
        "quantity": 0,
        "fulfillment_node_id": "MTLDC1"
    },
    {
        "product_id": "1410189-002-L",
        "quantity": 0,
        "fulfillment_node_id": "MTLDC1"
    },
    {
        "product_id": "1410189-002-M",
        "quantity": 0,
        "fulfillment_node_id": "MTLDC1"
    },
    {
        "product_id": "1410207-002-M",
        "quantity": 0,
        "fulfillment_node_id": "MTLDC1"
    },
    {
        "product_id": "1410207-4KS-XS",
        "quantity": 0,
        "fulfillment_node_id": "MTLDC1"
    },
    {
        "product_id": "1410207-556-XL",
        "quantity": 0,
        "fulfillment_node_id": "MTLDC1"
    },
    {
        "product_id": "1410215-002-M-L",
        "quantity": 0,
        "fulfillment_node_id": "MTLDC1"
    },
    {
        "product_id": "1410215-002-S-M",
        "quantity": 0,
        "fulfillment_node_id": "MTLDC1"
    },
    {
        "product_id": "1410223-556-L",
        "quantity": 0,
        "fulfillment_node_id": "MTLDC1"
    },
    {
        "product_id": "1410223-556-M",
        "quantity": 0,
        "fulfillment_node_id": "MTLDC1"
    },
    {
        "product_id": "1410226-556-L",
        "quantity": 0,
        "fulfillment_node_id": "MTLDC1"
    },
    {
        "product_id": "1410226-556-M",
        "quantity": 0,
        "fulfillment_node_id": "MTLDC1"
    },
    {
        "product_id": "1410228-5IN-S",
        "quantity": 0,
        "fulfillment_node_id": "MTLDC1"
    },
    {
        "product_id": "1420001-002-M-L",
        "quantity": 0,
        "fulfillment_node_id": "MTLDC1"
    },
    {
        "product_id": "1710002-138-XL",
        "quantity": 0,
        "fulfillment_node_id": "MTLDC1"
    },
    {
        "product_id": "1710002-143-L",
        "quantity": 0,
        "fulfillment_node_id": "MTLDC1"
    },
    {
        "product_id": "1820160-002-9",
        "quantity": 0,
        "fulfillment_node_id": "MTLDC1"
    },
    {
        "product_id": "1820160-721-9.5",
        "quantity": 0,
        "fulfillment_node_id": "MTLDC1"
    },
    {
        "product_id": "1920068-003",
        "quantity": 0,
        "fulfillment_node_id": "MTLDC1"
    },
    {
        "product_id": "1920068-143",
        "quantity": 0,
        "fulfillment_node_id": "MTLDC1"
    },
    {
        "product_id": "1920097-003",
        "quantity": 0,
        "fulfillment_node_id": "MTLDC1"
    },
    {
        "product_id": "1920097-2EH",
        "quantity": 0,
        "fulfillment_node_id": "MTLDC1"
    },
    {
        "product_id": "1920097-508",
        "quantity": 0,
        "fulfillment_node_id": "MTLDC1"
    },
    {
        "product_id": "1920102-4BU",
        "quantity": 0,
        "fulfillment_node_id": "MTLDC1"
    },
    {
        "product_id": "1920102-559",
        "quantity": 0,
        "fulfillment_node_id": "MTLDC1"
    },
    {
        "product_id": "1940073-392",
        "quantity": 0,
        "fulfillment_node_id": "MTLDC1"
    },
    {
        "product_id": "1940081-2EH",
        "quantity": 0,
        "fulfillment_node_id": "MTLDC1"
    },
    {
        "product_id": "1940082-002",
        "quantity": 0,
        "fulfillment_node_id": "MTLDC1"
    },
    {
        "product_id": "2110214-079-M",
        "quantity": 0,
        "fulfillment_node_id": "MTLDC1"
    },
    {
        "product_id": "2110222-4BO-S",
        "quantity": 0,
        "fulfillment_node_id": "MTLDC1"
    },
    {
        "product_id": "2110226-120-XL",
        "quantity": 0,
        "fulfillment_node_id": "MTLDC1"
    },
    {
        "product_id": "2110232-4IA-S",
        "quantity": 0,
        "fulfillment_node_id": "MTLDC1"
    },
    {
        "product_id": "2110233-8EQ-S",
        "quantity": 0,
        "fulfillment_node_id": "MTLDC1"
    },
    {
        "product_id": "2110242-2BC-S",
        "quantity": 0,
        "fulfillment_node_id": "MTLDC1"
    },
    {
        "product_id": "2110251-003-S",
        "quantity": 0,
        "fulfillment_node_id": "MTLDC1"
    },
    {
        "product_id": "2110253-012-S",
        "quantity": 0,
        "fulfillment_node_id": "MTLDC1"
    },
    {
        "product_id": "2110277-7AJ-S",
        "quantity": 0,
        "fulfillment_node_id": "MTLDC1"
    },
    {
        "product_id": "2110283-688-S",
        "quantity": 0,
        "fulfillment_node_id": "MTLDC1"
    },
    {
        "product_id": "2120205-2IV-XS",
        "quantity": 0,
        "fulfillment_node_id": "MTLDC1"
    },
    {
        "product_id": "2120213-016-L",
        "quantity": 0,
        "fulfillment_node_id": "MTLDC1"
    },
    {
        "product_id": "2120213-016-S",
        "quantity": 0,
        "fulfillment_node_id": "MTLDC1"
    },
    {
        "product_id": "2120225-017-S",
        "quantity": 0,
        "fulfillment_node_id": "MTLDC1"
    },
    {
        "product_id": "2120225-343-M",
        "quantity": 0,
        "fulfillment_node_id": "MTLDC1"
    },
    {
        "product_id": "2120225-746-L",
        "quantity": 0,
        "fulfillment_node_id": "MTLDC1"
    },
    {
        "product_id": "2120225-746-S",
        "quantity": 0,
        "fulfillment_node_id": "MTLDC1"
    },
    {
        "product_id": "2120230-681-XS",
        "quantity": 0,
        "fulfillment_node_id": "MTLDC1"
    },
    {
        "product_id": "2120234-1BZ-L",
        "quantity": 0,
        "fulfillment_node_id": "MTLDC1"
    },
    {
        "product_id": "2120268-2GM-S",
        "quantity": 0,
        "fulfillment_node_id": "MTLDC1"
    },
    {
        "product_id": "2120279-2CA-S",
        "quantity": 0,
        "fulfillment_node_id": "MTLDC1"
    },
    {
        "product_id": "2120279-2CA-XS",
        "quantity": 0,
        "fulfillment_node_id": "MTLDC1"
    },
    {
        "product_id": "2120279-5HB-M",
        "quantity": 0,
        "fulfillment_node_id": "MTLDC1"
    },
    {
        "product_id": "2120279-5HB-S",
        "quantity": 0,
        "fulfillment_node_id": "MTLDC1"
    },
    {
        "product_id": "2120279-5HB-XS",
        "quantity": 0,
        "fulfillment_node_id": "MTLDC1"
    },
    {
        "product_id": "2120279-611-L",
        "quantity": 0,
        "fulfillment_node_id": "MTLDC1"
    },
    {
        "product_id": "2120279-611-S",
        "quantity": 0,
        "fulfillment_node_id": "MTLDC1"
    },
    {
        "product_id": "2120301-017-S",
        "quantity": 0,
        "fulfillment_node_id": "MTLDC1"
    },
    {
        "product_id": "2120315-012-M",
        "quantity": 0,
        "fulfillment_node_id": "MTLDC1"
    },
    {
        "product_id": "2120320-017-M",
        "quantity": 0,
        "fulfillment_node_id": "MTLDC1"
    },
    {
        "product_id": "2120320-5AU-S",
        "quantity": 0,
        "fulfillment_node_id": "MTLDC1"
    },
    {
        "product_id": "2120324-5AU-L",
        "quantity": 0,
        "fulfillment_node_id": "MTLDC1"
    },
    {
        "product_id": "2120324-5AU-S",
        "quantity": 0,
        "fulfillment_node_id": "MTLDC1"
    },
    {
        "product_id": "2120325-002-S",
        "quantity": 0,
        "fulfillment_node_id": "MTLDC1"
    },
    {
        "product_id": "2120325-002-XS",
        "quantity": 0,
        "fulfillment_node_id": "MTLDC1"
    },
    {
        "product_id": "2120326-802-M",
        "quantity": 0,
        "fulfillment_node_id": "MTLDC1"
    },
    {
        "product_id": "2120327-7AD-M",
        "quantity": 0,
        "fulfillment_node_id": "MTLDC1"
    },
    {
        "product_id": "2120328-1CE-M",
        "quantity": 0,
        "fulfillment_node_id": "MTLDC1"
    },
    {
        "product_id": "2120330-1DX-S",
        "quantity": 0,
        "fulfillment_node_id": "MTLDC1"
    },
    {
        "product_id": "2120335-138-M",
        "quantity": 0,
        "fulfillment_node_id": "MTLDC1"
    },
    {
        "product_id": "2120335-395-M",
        "quantity": 0,
        "fulfillment_node_id": "MTLDC1"
    },
    {
        "product_id": "2120359-017-M",
        "quantity": 0,
        "fulfillment_node_id": "MTLDC1"
    },
    {
        "product_id": "2120359-017-S",
        "quantity": 0,
        "fulfillment_node_id": "MTLDC1"
    },
    {
        "product_id": "2120399-319-S",
        "quantity": 0,
        "fulfillment_node_id": "MTLDC1"
    },
    {
        "product_id": "2120401-3CS-L",
        "quantity": 0,
        "fulfillment_node_id": "MTLDC1"
    },
    {
        "product_id": "2120401-3CS-M",
        "quantity": 0,
        "fulfillment_node_id": "MTLDC1"
    },
    {
        "product_id": "2120402-5GZ-M",
        "quantity": 0,
        "fulfillment_node_id": "MTLDC1"
    },
    {
        "product_id": "2120403-5CL-S",
        "quantity": 0,
        "fulfillment_node_id": "MTLDC1"
    },
    {
        "product_id": "2120403-5CL-XS",
        "quantity": 0,
        "fulfillment_node_id": "MTLDC1"
    },
    {
        "product_id": "2120404-012-M",
        "quantity": 0,
        "fulfillment_node_id": "MTLDC1"
    },
    {
        "product_id": "2120404-4KU-L",
        "quantity": 0,
        "fulfillment_node_id": "MTLDC1"
    },
    {
        "product_id": "2120404-4KU-S",
        "quantity": 0,
        "fulfillment_node_id": "MTLDC1"
    },
    {
        "product_id": "2120405-2JZ-XS",
        "quantity": 0,
        "fulfillment_node_id": "MTLDC1"
    },
    {
        "product_id": "2120408-448-XS",
        "quantity": 0,
        "fulfillment_node_id": "MTLDC1"
    },
    {
        "product_id": "2120408-556-M",
        "quantity": 0,
        "fulfillment_node_id": "MTLDC1"
    },
    {
        "product_id": "2130107-4BO-M",
        "quantity": 0,
        "fulfillment_node_id": "MTLDC1"
    },
    {
        "product_id": "2130116-080-XL",
        "quantity": 0,
        "fulfillment_node_id": "MTLDC1"
    },
    {
        "product_id": "2130116-572-S",
        "quantity": 0,
        "fulfillment_node_id": "MTLDC1"
    },
    {
        "product_id": "2130116-648-S",
        "quantity": 0,
        "fulfillment_node_id": "MTLDC1"
    },
    {
        "product_id": "2130141-404-XS",
        "quantity": 0,
        "fulfillment_node_id": "MTLDC1"
    },
    {
        "product_id": "2130142-201-L",
        "quantity": 0,
        "fulfillment_node_id": "MTLDC1"
    },
    {
        "product_id": "2130142-201-M",
        "quantity": 0,
        "fulfillment_node_id": "MTLDC1"
    },
    {
        "product_id": "2130142-201-XS",
        "quantity": 0,
        "fulfillment_node_id": "MTLDC1"
    },
    {
        "product_id": "2130142-448-XS",
        "quantity": 0,
        "fulfillment_node_id": "MTLDC1"
    },
    {
        "product_id": "2130143-1BI-XS",
        "quantity": 0,
        "fulfillment_node_id": "MTLDC1"
    },
    {
        "product_id": "2130143-2GM-M",
        "quantity": 0,
        "fulfillment_node_id": "MTLDC1"
    },
    {
        "product_id": "2130143-2GM-S",
        "quantity": 0,
        "fulfillment_node_id": "MTLDC1"
    },
    {
        "product_id": "2130144-773-M",
        "quantity": 0,
        "fulfillment_node_id": "MTLDC1"
    },
    {
        "product_id": "2130144-773-XS",
        "quantity": 0,
        "fulfillment_node_id": "MTLDC1"
    },
    {
        "product_id": "2130145-063-S",
        "quantity": 0,
        "fulfillment_node_id": "MTLDC1"
    },
    {
        "product_id": "2130145-1CR-XS",
        "quantity": 0,
        "fulfillment_node_id": "MTLDC1"
    },
    {
        "product_id": "2130146-065-M",
        "quantity": 0,
        "fulfillment_node_id": "MTLDC1"
    },
    {
        "product_id": "2130146-065-XL",
        "quantity": 0,
        "fulfillment_node_id": "MTLDC1"
    },
    {
        "product_id": "2130146-298-S",
        "quantity": 0,
        "fulfillment_node_id": "MTLDC1"
    },
    {
        "product_id": "2130146-298-XS",
        "quantity": 0,
        "fulfillment_node_id": "MTLDC1"
    },
    {
        "product_id": "2130147-2IK-XL",
        "quantity": 0,
        "fulfillment_node_id": "MTLDC1"
    },
    {
        "product_id": "2130147-8EU-M",
        "quantity": 0,
        "fulfillment_node_id": "MTLDC1"
    },
    {
        "product_id": "2130147-8EU-XXS",
        "quantity": 0,
        "fulfillment_node_id": "MTLDC1"
    },
    {
        "product_id": "2130166-2CB-M",
        "quantity": 0,
        "fulfillment_node_id": "MTLDC1"
    },
    {
        "product_id": "2130166-2CB-XS",
        "quantity": 0,
        "fulfillment_node_id": "MTLDC1"
    },
    {
        "product_id": "2130166-5CL-M",
        "quantity": 0,
        "fulfillment_node_id": "MTLDC1"
    },
    {
        "product_id": "2130166-5CL-S",
        "quantity": 0,
        "fulfillment_node_id": "MTLDC1"
    },
    {
        "product_id": "2130174-8BZ-S",
        "quantity": 0,
        "fulfillment_node_id": "MTLDC1"
    },
    {
        "product_id": "2130176-319-M",
        "quantity": 0,
        "fulfillment_node_id": "MTLDC1"
    },
    {
        "product_id": "2130178-002-M",
        "quantity": 0,
        "fulfillment_node_id": "MTLDC1"
    },
    {
        "product_id": "2130180-5CL-XS",
        "quantity": 0,
        "fulfillment_node_id": "MTLDC1"
    },
    {
        "product_id": "2130184-00W-M",
        "quantity": 0,
        "fulfillment_node_id": "MTLDC1"
    },
    {
        "product_id": "2130184-00W-S",
        "quantity": 0,
        "fulfillment_node_id": "MTLDC1"
    },
    {
        "product_id": "2130184-4KV-S",
        "quantity": 0,
        "fulfillment_node_id": "MTLDC1"
    },
    {
        "product_id": "2130187-012-XS",
        "quantity": 0,
        "fulfillment_node_id": "MTLDC1"
    },
    {
        "product_id": "2130187-664-L",
        "quantity": 0,
        "fulfillment_node_id": "MTLDC1"
    },
    {
        "product_id": "2130187-664-M",
        "quantity": 0,
        "fulfillment_node_id": "MTLDC1"
    },
    {
        "product_id": "2130189-2JV-M",
        "quantity": 0,
        "fulfillment_node_id": "MTLDC1"
    },
    {
        "product_id": "2130190-063-S",
        "quantity": 0,
        "fulfillment_node_id": "MTLDC1"
    },
    {
        "product_id": "2210094-00B-26",
        "quantity": 0,
        "fulfillment_node_id": "MTLDC1"
    },
    {
        "product_id": "2210237-002-0",
        "quantity": 0,
        "fulfillment_node_id": "MTLDC1"
    },
    {
        "product_id": "2210240-002-14",
        "quantity": 0,
        "fulfillment_node_id": "MTLDC1"
    },
    {
        "product_id": "2210304-002-L",
        "quantity": 0,
        "fulfillment_node_id": "MTLDC1"
    },
    {
        "product_id": "2210332-00M-28",
        "quantity": 0,
        "fulfillment_node_id": "MTLDC1"
    },
    {
        "product_id": "2210357-4GL-25",
        "quantity": 0,
        "fulfillment_node_id": "MTLDC1"
    },
    {
        "product_id": "2210420-002-00",
        "quantity": 0,
        "fulfillment_node_id": "MTLDC1"
    },
    {
        "product_id": "2210427-721-M",
        "quantity": 0,
        "fulfillment_node_id": "MTLDC1"
    },
    {
        "product_id": "2210431-1CE-S",
        "quantity": 0,
        "fulfillment_node_id": "MTLDC1"
    },
    {
        "product_id": "2210447-527-0",
        "quantity": 0,
        "fulfillment_node_id": "MTLDC1"
    },
    {
        "product_id": "2210447-527-2",
        "quantity": 0,
        "fulfillment_node_id": "MTLDC1"
    },
    {
        "product_id": "2210457-4CW-24",
        "quantity": 0,
        "fulfillment_node_id": "MTLDC1"
    },
    {
        "product_id": "2210502-002-4",
        "quantity": 0,
        "fulfillment_node_id": "MTLDC1"
    },
    {
        "product_id": "2230079-2BC-M",
        "quantity": 0,
        "fulfillment_node_id": "MTLDC1"
    },
    {
        "product_id": "2310105-054-XS",
        "quantity": 0,
        "fulfillment_node_id": "MTLDC1"
    },
    {
        "product_id": "2310126-2AS-M",
        "quantity": 0,
        "fulfillment_node_id": "MTLDC1"
    },
    {
        "product_id": "2410121-002-M",
        "quantity": 0,
        "fulfillment_node_id": "MTLDC1"
    },
    {
        "product_id": "2410121-002-S",
        "quantity": 0,
        "fulfillment_node_id": "MTLDC1"
    },
    {
        "product_id": "2410121-002-XL",
        "quantity": 0,
        "fulfillment_node_id": "MTLDC1"
    },
    {
        "product_id": "2410121-060-S",
        "quantity": 0,
        "fulfillment_node_id": "MTLDC1"
    },
    {
        "product_id": "2410121-721-M",
        "quantity": 0,
        "fulfillment_node_id": "MTLDC1"
    },
    {
        "product_id": "2410125-3CB-XS",
        "quantity": 0,
        "fulfillment_node_id": "MTLDC1"
    },
    {
        "product_id": "2410125-912-XS",
        "quantity": 0,
        "fulfillment_node_id": "MTLDC1"
    },
    {
        "product_id": "2410126-912-S",
        "quantity": 0,
        "fulfillment_node_id": "MTLDC1"
    },
    {
        "product_id": "2410127-002-S",
        "quantity": 0,
        "fulfillment_node_id": "MTLDC1"
    },
    {
        "product_id": "2410136-002-L",
        "quantity": 0,
        "fulfillment_node_id": "MTLDC1"
    },
    {
        "product_id": "2410136-002-XS",
        "quantity": 0,
        "fulfillment_node_id": "MTLDC1"
    },
    {
        "product_id": "2410136-3CB-L",
        "quantity": 0,
        "fulfillment_node_id": "MTLDC1"
    },
    {
        "product_id": "2410136-3CB-S",
        "quantity": 0,
        "fulfillment_node_id": "MTLDC1"
    },
    {
        "product_id": "2410136-3CB-XS",
        "quantity": 0,
        "fulfillment_node_id": "MTLDC1"
    },
    {
        "product_id": "2410136-556-XS",
        "quantity": 0,
        "fulfillment_node_id": "MTLDC1"
    },
    {
        "product_id": "2410141-002-L",
        "quantity": 0,
        "fulfillment_node_id": "MTLDC1"
    },
    {
        "product_id": "2410141-002-S",
        "quantity": 0,
        "fulfillment_node_id": "MTLDC1"
    },
    {
        "product_id": "2410147-002-S",
        "quantity": 0,
        "fulfillment_node_id": "MTLDC1"
    },
    {
        "product_id": "2410147-721-L",
        "quantity": 0,
        "fulfillment_node_id": "MTLDC1"
    },
    {
        "product_id": "2410153-002-XS",
        "quantity": 0,
        "fulfillment_node_id": "MTLDC1"
    },
    {
        "product_id": "2410154-002-XL",
        "quantity": 0,
        "fulfillment_node_id": "MTLDC1"
    },
    {
        "product_id": "2410154-721-S",
        "quantity": 0,
        "fulfillment_node_id": "MTLDC1"
    },
    {
        "product_id": "2410157-400-M",
        "quantity": 0,
        "fulfillment_node_id": "MTLDC1"
    },
    {
        "product_id": "2510300-218-S",
        "quantity": 0,
        "fulfillment_node_id": "MTLDC1"
    },
    {
        "product_id": "2510366-002-M",
        "quantity": 0,
        "fulfillment_node_id": "MTLDC1"
    },
    {
        "product_id": "2510368-956-L",
        "quantity": 0,
        "fulfillment_node_id": "MTLDC1"
    },
    {
        "product_id": "2510369-200-S",
        "quantity": 0,
        "fulfillment_node_id": "MTLDC1"
    },
    {
        "product_id": "2510370-527-S",
        "quantity": 0,
        "fulfillment_node_id": "MTLDC1"
    },
    {
        "product_id": "2510377-395-S",
        "quantity": 0,
        "fulfillment_node_id": "MTLDC1"
    },
    {
        "product_id": "2510381-107-XS",
        "quantity": 0,
        "fulfillment_node_id": "MTLDC1"
    },
    {
        "product_id": "2510385-5DE-S",
        "quantity": 0,
        "fulfillment_node_id": "MTLDC1"
    },
    {
        "product_id": "2510407-002-S",
        "quantity": 0,
        "fulfillment_node_id": "MTLDC1"
    },
    {
        "product_id": "2510441-688-M",
        "quantity": 0,
        "fulfillment_node_id": "MTLDC1"
    },
    {
        "product_id": "2710012-003-S",
        "quantity": 0,
        "fulfillment_node_id": "MTLDC1"
    },
    {
        "product_id": "2710058-5BQ-M",
        "quantity": 0,
        "fulfillment_node_id": "MTLDC1"
    },
    {
        "product_id": "2820124-5GF-10",
        "quantity": 0,
        "fulfillment_node_id": "MTLDC1"
    },
    {
        "product_id": "2820124-5GF-9",
        "quantity": 0,
        "fulfillment_node_id": "MTLDC1"
    },
    {
        "product_id": "2920030-4FD",
        "quantity": 0,
        "fulfillment_node_id": "MTLDC1"
    },
    {
        "product_id": "2920030-584",
        "quantity": 0,
        "fulfillment_node_id": "MTLDC1"
    },
    {
        "product_id": "2920030-5AU",
        "quantity": 0,
        "fulfillment_node_id": "MTLDC1"
    },
    {
        "product_id": "2920044-105",
        "quantity": 0,
        "fulfillment_node_id": "MTLDC1"
    },
    {
        "product_id": "2940028-7AG",
        "quantity": 0,
        "fulfillment_node_id": "MTLDC1"
    },
    {
        "product_id": "2940034-002",
        "quantity": 0,
        "fulfillment_node_id": "MTLDC1"
    },
    {
        "product_id": "2940035-003",
        "quantity": 0,
        "fulfillment_node_id": "MTLDC1"
    },
    {
        "product_id": "2940035-245",
        "quantity": 0,
        "fulfillment_node_id": "MTLDC1"
    },
    {
        "product_id": "2940035-2EH",
        "quantity": 0,
        "fulfillment_node_id": "MTLDC1"
    },
    {
        "product_id": "2950013-002-S-M",
        "quantity": 0,
        "fulfillment_node_id": "MTLDC1"
    },
    {
        "product_id": "2950013-3CB-S-M",
        "quantity": 0,
        "fulfillment_node_id": "MTLDC1"
    },
    {
        "product_id": "2950039-922",
        "quantity": 0,
        "fulfillment_node_id": "MTLDC1"
    },
    {
        "product_id": "2980026-002",
        "quantity": 0,
        "fulfillment_node_id": "MTLDC1"
    },
    {
        "product_id": "2980027-218",
        "quantity": 0,
        "fulfillment_node_id": "MTLDC1"
    },
    {
        "product_id": "4160008-915",
        "quantity": 0,
        "fulfillment_node_id": "MTLDC1"
    }
]
}