{
  "brand": "Faherty",
  "caption": "5-Panel Trucker Newport Beach - Navy",
  "categories": [
      {
          "is_main": false,
          "path": "All",
          "path_separator": " > "
      },
      {
          "is_main": true,
          "path": "All > One Size",
          "path_separator": " > "
      },
      {
          "is_main": false,
          "path": "All > Men's",
          "path_separator": " > "
      },
      {
          "is_main": false,
          "path": "All > Full Price",
          "path_separator": " > "
      },
      {
          "is_main": false,
          "path": "All > Faherty Location Tees and Hats",
          "path_separator": " > "
      },
      {
          "is_main": false,
          "path": "All > Faherty Brand Merchandise",
          "path_separator": " > "
      },
      {
          "is_main": false,
          "path": "All > all under100 men",
          "path_separator": " > "
      },
      {
          "is_main": false,
          "path": "All > New Jersey Tax - All Product Ex. Blankets",
          "path_separator": " > "
      },
      {
          "is_main": false,
          "path": "All > Scarves and Hats",
          "path_separator": " > "
      },
      {
          "is_main": false,
          "path": "All > All",
          "path_separator": " > "
      },
      {
          "is_main": false,
          "path": "All > Men's Full Price",
          "path_separator": " > "
      },
      {
          "is_main": false,
          "path": "All > Men's Hats & Scarves",
          "path_separator": " > "
      },
      {
          "is_main": false,
          "path": "All > Men",
          "path_separator": " > "
      },
      {
          "is_main": false,
          "path": "All > Men's Accessories",
          "path_separator": " > "
      },
      {
          "is_main": false,
          "path": "All > All Accessories",
          "path_separator": " > "
      },
      {
          "is_main": false,
          "path": "All > All products",
          "path_separator": " > "
      },
      {
          "is_main": false,
          "path": "All > Live Products - BFCM",
          "path_separator": " > "
      }
  ],
  "description": "\nA classic 5-panel trucker hat style with one of our favorite beach towns, Newport Beach, embroidered on the center front. The perfect addition to your weekend outfit. \n One size fits all. Adjustable back strap.100% Cotton",
  "effective_price": {
      "amount": 38,
      "currency": "USD"
  },
  "extended_attributes": [
      {
          "key": "fulfillment_service",
          "value": "manual"
      },
      {
          "key": "inventory_item_id",
          "value": "33792024838188"
      },
      {
          "key": "inventory_management",
          "value": "shopify"
      },
      {
          "key": "inventory_policy",
          "value": "deny"
      },
      {
          "key": "product_created_at",
          "value": "2020-02-04T09:04:44-05:00"
      },
      {
          "key": "product_handle",
          "value": "5-panel-trucker-newport-navy"
      },
      {
          "key": "product_published_at",
          "value": "2021-07-14T13:00:43-04:00"
      },
      {
          "key": "product_published_scope",
          "value": "global"
      },
      {
          "key": "product_updated_at",
          "value": "2021-08-17T15:57:12-04:00"
      },
      {
          "key": "shopify_variant_id",
          "value": "32027382382636"
      },
      {
          "key": "tags",
          "value": "Accessories, Accessory, checkSB, full price, FW17, Hat, Hats, location, men, Mens, size-one-size, turnoff?, turnon?, womens"
      },
      {
          "key": "variant_created_at",
          "value": "2020-02-04T09:04:44-05:00"
      },
      {
          "key": "variant_updated_at",
          "value": "2021-08-17T15:57:12-04:00"
      }
  ],
  "external_identifiers": [
      {
          "type": "sku",
          "value": "MAF1792-NWP"
      },
      {
          "type": "shopify_inventory_item_id",
          "value": "33792024838188"
      },
      {
          "type": "upc",
          "value": "300000000003"
      },
      {
          "type": "isbn",
          "value": "300000000003"
      },
      {
          "type": "ean13",
          "value": "300000000003"
      }
  ],
  "images": [
      {
          "aspect_ratio": 0.6669922,
          "dominant_color": "#FFFFFF",
          "height": 4096,
          "tags": [
              "newstore:main"
          ],
          "title": "",
          "url": "https://res.cloudinary.com/newstore-staging/image/upload/v1626438868/s/faherty/7768728a0059f2bd30885639301b7c45.jpg",
          "width": 2732
      },
      {
          "aspect_ratio": 0.6666667,
          "dominant_color": "#FFFFFF",
          "height": 600,
          "tags": [],
          "title": "",
          "url": "https://res.cloudinary.com/newstore-staging/image/upload/v1626438868/s/faherty/036a50944d6b423360151aa3df9f6f01.jpg",
          "width": 400
      },
      {
          "aspect_ratio": 0.6669922,
          "dominant_color": "#FFFFFF",
          "height": 4096,
          "tags": [],
          "title": "",
          "url": "https://res.cloudinary.com/newstore-staging/image/upload/v1626438868/s/faherty/b08dc77d79e7eacb25d41e993b49990c.jpg",
          "width": 2732
      }
  ],
  "inventory_tracked": false,
  "is_available": true,
  "is_preorder": false,
  "keywords": [
      "Accessories",
      "Accessory",
      "checkSB",
      "full price",
      "FW17",
      "Hat",
      "Hats",
      "location",
      "men",
      "Mens",
      "size-one-size",
      "turnoff?",
      "turnon?",
      "womens"
  ],
  "product_id": "MAF1792-NWP",
  "serialized_inventory": false,
  "shipping_weight": {
      "unit": "lb",
      "value": 0.8796
  },
  "short_description": "5-Panel Trucker Newport Beach - Navy",
  "title": "5-Panel Trucker Newport Beach - Navy",
  "variable_pricing": false,
  "variations": [
      {
          "effective_price": {
              "amount": 38,
              "currency": "USD"
          },
          "is_available": true,
          "product_id": "MAF1792-NWP",
          "variation_color": {
              "value": "Navy"
          },
          "variation_size": {
              "gender": "",
              "system": "",
              "type": "",
              "value": "One Size"
          }
      }
  ]
}