[
    {
        "product_id": "21247",
        "keywords": [],
        "images": [
            {
                "url": "https://res.cloudinary.com/db0zftggw/image/upload/q_auto:best,f_auto,h_200/v1682346470/p/faherty/49899fa4e36c0342739b8133c494ffab.jpg",
                "title": "DO NOT USE",
                "is_main": true,
                "alt_text": "DO NOT USE",
                "dominant_color": "#E66163",
                "width": 454,
                "height": 278,
                "aspect_ratio": 1.6330935
            }
        ],
        "shipping_weight_unit": "lb",
        "is_searchable": false,
        "is_available": false,
        "show_in_listing": false,
        "extended_attributes": [],
        "title": "DO NOT USE",
        "shipping_weight_value": 0.0,
        "tax_class_id": "",
        "categories": [],
        "shipping_dimension_height": 0.0,
        "description": "DO NOT USE",
        "brand": "",
        "material": "",
        "shipping_dimension_length": 0.0,
        "variation_color_value": "",
        "online_from": "2020-01-01T00:00:00Z",
        "online_to": "2020-01-01T00:00:01Z",
        "shipping_dimension_width": 0.0,
        "manufacturer": null,
        "shipping_dimension_unit": "cm",
        "external_identifiers": [
            {
                "type": "sku",
                "value": "DO_NOT_USE"
            }
        ],
        "variant_group_id": "DO_NOT_USE",
        "caption": "DO NOT USE",
        "variation_additional_1_value": "Custom",
        "variation_additional_1_name": "fit",
        "variation_size_value": "Custom"
    },
    {
        "product_id": "21250",
        "keywords": [],
        "images": [
            {
                "url": "https://res.cloudinary.com/db0zftggw/image/upload/q_auto:best,f_auto,h_200/v1682346470/p/faherty/49899fa4e36c0342739b8133c494ffab.jpg",
                "title": "DO NOT USE",
                "is_main": true,
                "alt_text": "DO NOT USE",
                "dominant_color": "#E66163",
                "width": 454,
                "height": 278,
                "aspect_ratio": 1.6330935
            }
        ],
        "shipping_weight_unit": "lb",
        "is_searchable": false,
        "is_available": false,
        "show_in_listing": false,
        "extended_attributes": [],
        "title": "DO NOT USE",
        "shipping_weight_value": 0.0,
        "tax_class_id": "",
        "categories": [],
        "shipping_dimension_height": 0.0,
        "description": "DO NOT USE",
        "brand": "",
        "material": "",
        "shipping_dimension_length": 0.0,
        "variation_color_value": "",
        "online_from": "2020-01-01T00:00:00Z",
        "online_to": "2020-01-01T00:00:01Z",
        "shipping_dimension_width": 0.0,
        "manufacturer": null,
        "shipping_dimension_unit": "cm",
        "external_identifiers": [
            {
                "type": "sku",
                "value": "DO_NOT_USE"
            }
        ],
        "variant_group_id": "DO_NOT_USE",
        "caption": "DO NOT USE",
        "variation_additional_1_value": "Custom",
        "variation_additional_1_name": "fit",
        "variation_size_value": "Custom"
    },
    {
        "product_id": "21251",
        "keywords": [],
        "images": [
            {
                "url": "https://res.cloudinary.com/db0zftggw/image/upload/q_auto:best,f_auto,h_200/v1682346470/p/faherty/49899fa4e36c0342739b8133c494ffab.jpg",
                "title": "DO NOT USE",
                "is_main": true,
                "alt_text": "DO NOT USE",
                "dominant_color": "#E66163",
                "width": 454,
                "height": 278,
                "aspect_ratio": 1.6330935
            }
        ],
        "shipping_weight_unit": "lb",
        "is_searchable": false,
        "is_available": false,
        "show_in_listing": false,
        "extended_attributes": [],
        "title": "DO NOT USE",
        "shipping_weight_value": 0.0,
        "tax_class_id": "",
        "categories": [],
        "shipping_dimension_height": 0.0,
        "description": "DO NOT USE",
        "brand": "",
        "material": "",
        "shipping_dimension_length": 0.0,
        "variation_color_value": "",
        "online_from": "2020-01-01T00:00:00Z",
        "online_to": "2020-01-01T00:00:01Z",
        "shipping_dimension_width": 0.0,
        "manufacturer": null,
        "shipping_dimension_unit": "cm",
        "external_identifiers": [
            {
                "type": "sku",
                "value": "DO_NOT_USE"
            }
        ],
        "variant_group_id": "DO_NOT_USE",
        "caption": "DO NOT USE",
        "variation_additional_1_value": "Custom",
        "variation_additional_1_name": "fit",
        "variation_size_value": "Custom"
    },
    {
        "product_id": "21252",
        "keywords": [],
        "images": [
            {
                "url": "https://res.cloudinary.com/db0zftggw/image/upload/q_auto:best,f_auto,h_200/v1682346470/p/faherty/49899fa4e36c0342739b8133c494ffab.jpg",
                "title": "DO NOT USE",
                "is_main": true,
                "alt_text": "DO NOT USE",
                "dominant_color": "#E66163",
                "width": 454,
                "height": 278,
                "aspect_ratio": 1.6330935
            }
        ],
        "shipping_weight_unit": "lb",
        "is_searchable": false,
        "is_available": false,
        "show_in_listing": false,
        "extended_attributes": [],
        "title": "DO NOT USE",
        "shipping_weight_value": 0.0,
        "tax_class_id": "",
        "categories": [],
        "shipping_dimension_height": 0.0,
        "description": "DO NOT USE",
        "brand": "",
        "material": "",
        "shipping_dimension_length": 0.0,
        "variation_color_value": "",
        "online_from": "2020-01-01T00:00:00Z",
        "online_to": "2020-01-01T00:00:01Z",
        "shipping_dimension_width": 0.0,
        "manufacturer": null,
        "shipping_dimension_unit": "cm",
        "external_identifiers": [
            {
                "type": "sku",
                "value": "DO_NOT_USE"
            }
        ],
        "variant_group_id": "DO_NOT_USE",
        "caption": "DO NOT USE",
        "variation_additional_1_value": "Custom",
        "variation_additional_1_name": "fit",
        "variation_size_value": "Custom"
    },
    {
        "product_id": "21265",
        "keywords": [],
        "images": [
            {
                "url": "https://res.cloudinary.com/db0zftggw/image/upload/q_auto:best,f_auto,h_200/v1682346470/p/faherty/49899fa4e36c0342739b8133c494ffab.jpg",
                "title": "DO NOT USE",
                "is_main": true,
                "alt_text": "DO NOT USE",
                "dominant_color": "#E66163",
                "width": 454,
                "height": 278,
                "aspect_ratio": 1.6330935
            }
        ],
        "shipping_weight_unit": "lb",
        "is_searchable": false,
        "is_available": false,
        "show_in_listing": false,
        "extended_attributes": [],
        "title": "DO NOT USE",
        "shipping_weight_value": 0.0,
        "tax_class_id": "",
        "categories": [],
        "shipping_dimension_height": 0.0,
        "description": "DO NOT USE",
        "brand": "",
        "material": "",
        "shipping_dimension_length": 0.0,
        "variation_color_value": "",
        "online_from": "2020-01-01T00:00:00Z",
        "online_to": "2020-01-01T00:00:01Z",
        "shipping_dimension_width": 0.0,
        "manufacturer": null,
        "shipping_dimension_unit": "cm",
        "external_identifiers": [
            {
                "type": "sku",
                "value": "DO_NOT_USE"
            }
        ],
        "variant_group_id": "DO_NOT_USE",
        "caption": "DO NOT USE",
        "variation_additional_1_value": "Custom",
        "variation_additional_1_name": "fit",
        "variation_size_value": "Custom"
    },
    {
        "product_id": "21267",
        "keywords": [],
        "images": [
            {
                "url": "https://res.cloudinary.com/db0zftggw/image/upload/q_auto:best,f_auto,h_200/v1682346470/p/faherty/49899fa4e36c0342739b8133c494ffab.jpg",
                "title": "DO NOT USE",
                "is_main": true,
                "alt_text": "DO NOT USE",
                "dominant_color": "#E66163",
                "width": 454,
                "height": 278,
                "aspect_ratio": 1.6330935
            }
        ],
        "shipping_weight_unit": "lb",
        "is_searchable": false,
        "is_available": false,
        "show_in_listing": false,
        "extended_attributes": [],
        "title": "DO NOT USE",
        "shipping_weight_value": 0.0,
        "tax_class_id": "",
        "categories": [],
        "shipping_dimension_height": 0.0,
        "description": "DO NOT USE",
        "brand": "",
        "material": "",
        "shipping_dimension_length": 0.0,
        "variation_color_value": "",
        "online_from": "2020-01-01T00:00:00Z",
        "online_to": "2020-01-01T00:00:01Z",
        "shipping_dimension_width": 0.0,
        "manufacturer": null,
        "shipping_dimension_unit": "cm",
        "external_identifiers": [
            {
                "type": "sku",
                "value": "DO_NOT_USE"
            }
        ],
        "variant_group_id": "DO_NOT_USE",
        "caption": "DO NOT USE",
        "variation_additional_1_value": "Custom",
        "variation_additional_1_name": "fit",
        "variation_size_value": "Custom"
    },
    {
        "product_id": "21269",
        "keywords": [],
        "images": [
            {
                "url": "https://res.cloudinary.com/db0zftggw/image/upload/q_auto:best,f_auto,h_200/v1682346470/p/faherty/49899fa4e36c0342739b8133c494ffab.jpg",
                "title": "DO NOT USE",
                "is_main": true,
                "alt_text": "DO NOT USE",
                "dominant_color": "#E66163",
                "width": 454,
                "height": 278,
                "aspect_ratio": 1.6330935
            }
        ],
        "shipping_weight_unit": "lb",
        "is_searchable": false,
        "is_available": false,
        "show_in_listing": false,
        "extended_attributes": [],
        "title": "DO NOT USE",
        "shipping_weight_value": 0.0,
        "tax_class_id": "",
        "categories": [],
        "shipping_dimension_height": 0.0,
        "description": "DO NOT USE",
        "brand": "",
        "material": "",
        "shipping_dimension_length": 0.0,
        "variation_color_value": "",
        "online_from": "2020-01-01T00:00:00Z",
        "online_to": "2020-01-01T00:00:01Z",
        "shipping_dimension_width": 0.0,
        "manufacturer": null,
        "shipping_dimension_unit": "cm",
        "external_identifiers": [
            {
                "type": "sku",
                "value": "DO_NOT_USE"
            }
        ],
        "variant_group_id": "DO_NOT_USE",
        "caption": "DO NOT USE",
        "variation_additional_1_value": "Custom",
        "variation_additional_1_name": "fit",
        "variation_size_value": "Custom"
    },
    {
        "product_id": "21276",
        "keywords": [],
        "images": [
            {
                "url": "https://res.cloudinary.com/db0zftggw/image/upload/q_auto:best,f_auto,h_200/v1682346470/p/faherty/49899fa4e36c0342739b8133c494ffab.jpg",
                "title": "DO NOT USE",
                "is_main": true,
                "alt_text": "DO NOT USE",
                "dominant_color": "#E66163",
                "width": 454,
                "height": 278,
                "aspect_ratio": 1.6330935
            }
        ],
        "shipping_weight_unit": "lb",
        "is_searchable": false,
        "is_available": false,
        "show_in_listing": false,
        "extended_attributes": [],
        "title": "DO NOT USE",
        "shipping_weight_value": 0.0,
        "tax_class_id": "",
        "categories": [],
        "shipping_dimension_height": 0.0,
        "description": "DO NOT USE",
        "brand": "",
        "material": "",
        "shipping_dimension_length": 0.0,
        "variation_color_value": "",
        "online_from": "2020-01-01T00:00:00Z",
        "online_to": "2020-01-01T00:00:01Z",
        "shipping_dimension_width": 0.0,
        "manufacturer": null,
        "shipping_dimension_unit": "cm",
        "external_identifiers": [
            {
                "type": "sku",
                "value": "DO_NOT_USE"
            }
        ],
        "variant_group_id": "DO_NOT_USE",
        "caption": "DO NOT USE",
        "variation_additional_1_value": "Custom",
        "variation_additional_1_name": "fit",
        "variation_size_value": "Custom"
    },
    {
        "product_id": "21279",
        "keywords": [],
        "images": [
            {
                "url": "https://res.cloudinary.com/db0zftggw/image/upload/q_auto:best,f_auto,h_200/v1682346470/p/faherty/49899fa4e36c0342739b8133c494ffab.jpg",
                "title": "DO NOT USE",
                "is_main": true,
                "alt_text": "DO NOT USE",
                "dominant_color": "#E66163",
                "width": 454,
                "height": 278,
                "aspect_ratio": 1.6330935
            }
        ],
        "shipping_weight_unit": "lb",
        "is_searchable": false,
        "is_available": false,
        "show_in_listing": false,
        "extended_attributes": [],
        "title": "DO NOT USE",
        "shipping_weight_value": 0.0,
        "tax_class_id": "",
        "categories": [],
        "shipping_dimension_height": 0.0,
        "description": "DO NOT USE",
        "brand": "",
        "material": "",
        "shipping_dimension_length": 0.0,
        "variation_color_value": "",
        "online_from": "2020-01-01T00:00:00Z",
        "online_to": "2020-01-01T00:00:01Z",
        "shipping_dimension_width": 0.0,
        "manufacturer": null,
        "shipping_dimension_unit": "cm",
        "external_identifiers": [
            {
                "type": "sku",
                "value": "DO_NOT_USE"
            }
        ],
        "variant_group_id": "DO_NOT_USE",
        "caption": "DO NOT USE",
        "variation_additional_1_value": "Custom",
        "variation_additional_1_name": "fit",
        "variation_size_value": "Custom"
    },
    {
        "product_id": "21280",
        "keywords": [],
        "images": [
            {
                "url": "https://res.cloudinary.com/db0zftggw/image/upload/q_auto:best,f_auto,h_200/v1682346470/p/faherty/49899fa4e36c0342739b8133c494ffab.jpg",
                "title": "DO NOT USE",
                "is_main": true,
                "alt_text": "DO NOT USE",
                "dominant_color": "#E66163",
                "width": 454,
                "height": 278,
                "aspect_ratio": 1.6330935
            }
        ],
        "shipping_weight_unit": "lb",
        "is_searchable": false,
        "is_available": false,
        "show_in_listing": false,
        "extended_attributes": [],
        "title": "DO NOT USE",
        "shipping_weight_value": 0.0,
        "tax_class_id": "",
        "categories": [],
        "shipping_dimension_height": 0.0,
        "description": "DO NOT USE",
        "brand": "",
        "material": "",
        "shipping_dimension_length": 0.0,
        "variation_color_value": "",
        "online_from": "2020-01-01T00:00:00Z",
        "online_to": "2020-01-01T00:00:01Z",
        "shipping_dimension_width": 0.0,
        "manufacturer": null,
        "shipping_dimension_unit": "cm",
        "external_identifiers": [
            {
                "type": "sku",
                "value": "DO_NOT_USE"
            }
        ],
        "variant_group_id": "DO_NOT_USE",
        "caption": "DO NOT USE",
        "variation_additional_1_value": "Custom",
        "variation_additional_1_name": "fit",
        "variation_size_value": "Custom"
    },
    {
        "product_id": "21281",
        "keywords": [],
        "images": [
            {
                "url": "https://res.cloudinary.com/db0zftggw/image/upload/q_auto:best,f_auto,h_200/v1682346470/p/faherty/49899fa4e36c0342739b8133c494ffab.jpg",
                "title": "DO NOT USE",
                "is_main": true,
                "alt_text": "DO NOT USE",
                "dominant_color": "#E66163",
                "width": 454,
                "height": 278,
                "aspect_ratio": 1.6330935
            }
        ],
        "shipping_weight_unit": "lb",
        "is_searchable": false,
        "is_available": false,
        "show_in_listing": false,
        "extended_attributes": [],
        "title": "DO NOT USE",
        "shipping_weight_value": 0.0,
        "tax_class_id": "",
        "categories": [],
        "shipping_dimension_height": 0.0,
        "description": "DO NOT USE",
        "brand": "",
        "material": "",
        "shipping_dimension_length": 0.0,
        "variation_color_value": "",
        "online_from": "2020-01-01T00:00:00Z",
        "online_to": "2020-01-01T00:00:01Z",
        "shipping_dimension_width": 0.0,
        "manufacturer": null,
        "shipping_dimension_unit": "cm",
        "external_identifiers": [
            {
                "type": "sku",
                "value": "DO_NOT_USE"
            }
        ],
        "variant_group_id": "DO_NOT_USE",
        "caption": "DO NOT USE",
        "variation_additional_1_value": "Custom",
        "variation_additional_1_name": "fit",
        "variation_size_value": "Custom"
    },
    {
        "product_id": "21293",
        "keywords": [],
        "images": [
            {
                "url": "https://res.cloudinary.com/db0zftggw/image/upload/q_auto:best,f_auto,h_200/v1682346470/p/faherty/49899fa4e36c0342739b8133c494ffab.jpg",
                "title": "DO NOT USE",
                "is_main": true,
                "alt_text": "DO NOT USE",
                "dominant_color": "#E66163",
                "width": 454,
                "height": 278,
                "aspect_ratio": 1.6330935
            }
        ],
        "shipping_weight_unit": "lb",
        "is_searchable": false,
        "is_available": false,
        "show_in_listing": false,
        "extended_attributes": [],
        "title": "DO NOT USE",
        "shipping_weight_value": 0.0,
        "tax_class_id": "",
        "categories": [],
        "shipping_dimension_height": 0.0,
        "description": "DO NOT USE",
        "brand": "",
        "material": "",
        "shipping_dimension_length": 0.0,
        "variation_color_value": "",
        "online_from": "2020-01-01T00:00:00Z",
        "online_to": "2020-01-01T00:00:01Z",
        "shipping_dimension_width": 0.0,
        "manufacturer": null,
        "shipping_dimension_unit": "cm",
        "external_identifiers": [
            {
                "type": "sku",
                "value": "DO_NOT_USE"
            }
        ],
        "variant_group_id": "DO_NOT_USE",
        "caption": "DO NOT USE",
        "variation_additional_1_value": "Custom",
        "variation_additional_1_name": "fit",
        "variation_size_value": "Custom"
    },
    {
        "product_id": "21294",
        "keywords": [],
        "images": [
            {
                "url": "https://res.cloudinary.com/db0zftggw/image/upload/q_auto:best,f_auto,h_200/v1682346470/p/faherty/49899fa4e36c0342739b8133c494ffab.jpg",
                "title": "DO NOT USE",
                "is_main": true,
                "alt_text": "DO NOT USE",
                "dominant_color": "#E66163",
                "width": 454,
                "height": 278,
                "aspect_ratio": 1.6330935
            }
        ],
        "shipping_weight_unit": "lb",
        "is_searchable": false,
        "is_available": false,
        "show_in_listing": false,
        "extended_attributes": [],
        "title": "DO NOT USE",
        "shipping_weight_value": 0.0,
        "tax_class_id": "",
        "categories": [],
        "shipping_dimension_height": 0.0,
        "description": "DO NOT USE",
        "brand": "",
        "material": "",
        "shipping_dimension_length": 0.0,
        "variation_color_value": "",
        "online_from": "2020-01-01T00:00:00Z",
        "online_to": "2020-01-01T00:00:01Z",
        "shipping_dimension_width": 0.0,
        "manufacturer": null,
        "shipping_dimension_unit": "cm",
        "external_identifiers": [
            {
                "type": "sku",
                "value": "DO_NOT_USE"
            }
        ],
        "variant_group_id": "DO_NOT_USE",
        "caption": "DO NOT USE",
        "variation_additional_1_value": "Custom",
        "variation_additional_1_name": "fit",
        "variation_size_value": "Custom"
    },
    {
        "product_id": "21327",
        "keywords": [],
        "images": [
            {
                "url": "https://res.cloudinary.com/db0zftggw/image/upload/q_auto:best,f_auto,h_200/v1682346470/p/faherty/49899fa4e36c0342739b8133c494ffab.jpg",
                "title": "DO NOT USE",
                "is_main": true,
                "alt_text": "DO NOT USE",
                "dominant_color": "#E66163",
                "width": 454,
                "height": 278,
                "aspect_ratio": 1.6330935
            }
        ],
        "shipping_weight_unit": "lb",
        "is_searchable": false,
        "is_available": false,
        "show_in_listing": false,
        "extended_attributes": [],
        "title": "DO NOT USE",
        "shipping_weight_value": 0.0,
        "tax_class_id": "",
        "categories": [],
        "shipping_dimension_height": 0.0,
        "description": "DO NOT USE",
        "brand": "",
        "material": "",
        "shipping_dimension_length": 0.0,
        "variation_color_value": "",
        "online_from": "2020-01-01T00:00:00Z",
        "online_to": "2020-01-01T00:00:01Z",
        "shipping_dimension_width": 0.0,
        "manufacturer": null,
        "shipping_dimension_unit": "cm",
        "external_identifiers": [
            {
                "type": "sku",
                "value": "DO_NOT_USE"
            }
        ],
        "variant_group_id": "DO_NOT_USE",
        "caption": "DO NOT USE",
        "variation_additional_1_value": "Custom",
        "variation_additional_1_name": "fit",
        "variation_size_value": "Custom"
    },
    {
        "product_id": "21329",
        "keywords": [],
        "images": [
            {
                "url": "https://res.cloudinary.com/db0zftggw/image/upload/q_auto:best,f_auto,h_200/v1682346470/p/faherty/49899fa4e36c0342739b8133c494ffab.jpg",
                "title": "DO NOT USE",
                "is_main": true,
                "alt_text": "DO NOT USE",
                "dominant_color": "#E66163",
                "width": 454,
                "height": 278,
                "aspect_ratio": 1.6330935
            }
        ],
        "shipping_weight_unit": "lb",
        "is_searchable": false,
        "is_available": false,
        "show_in_listing": false,
        "extended_attributes": [],
        "title": "DO NOT USE",
        "shipping_weight_value": 0.0,
        "tax_class_id": "",
        "categories": [],
        "shipping_dimension_height": 0.0,
        "description": "DO NOT USE",
        "brand": "",
        "material": "",
        "shipping_dimension_length": 0.0,
        "variation_color_value": "",
        "online_from": "2020-01-01T00:00:00Z",
        "online_to": "2020-01-01T00:00:01Z",
        "shipping_dimension_width": 0.0,
        "manufacturer": null,
        "shipping_dimension_unit": "cm",
        "external_identifiers": [
            {
                "type": "sku",
                "value": "DO_NOT_USE"
            }
        ],
        "variant_group_id": "DO_NOT_USE",
        "caption": "DO NOT USE",
        "variation_additional_1_value": "Custom",
        "variation_additional_1_name": "fit",
        "variation_size_value": "Custom"
    },
    {
        "product_id": "21330",
        "keywords": [],
        "images": [
            {
                "url": "https://res.cloudinary.com/db0zftggw/image/upload/q_auto:best,f_auto,h_200/v1682346470/p/faherty/49899fa4e36c0342739b8133c494ffab.jpg",
                "title": "DO NOT USE",
                "is_main": true,
                "alt_text": "DO NOT USE",
                "dominant_color": "#E66163",
                "width": 454,
                "height": 278,
                "aspect_ratio": 1.6330935
            }
        ],
        "shipping_weight_unit": "lb",
        "is_searchable": false,
        "is_available": false,
        "show_in_listing": false,
        "extended_attributes": [],
        "title": "DO NOT USE",
        "shipping_weight_value": 0.0,
        "tax_class_id": "",
        "categories": [],
        "shipping_dimension_height": 0.0,
        "description": "DO NOT USE",
        "brand": "",
        "material": "",
        "shipping_dimension_length": 0.0,
        "variation_color_value": "",
        "online_from": "2020-01-01T00:00:00Z",
        "online_to": "2020-01-01T00:00:01Z",
        "shipping_dimension_width": 0.0,
        "manufacturer": null,
        "shipping_dimension_unit": "cm",
        "external_identifiers": [
            {
                "type": "sku",
                "value": "DO_NOT_USE"
            }
        ],
        "variant_group_id": "DO_NOT_USE",
        "caption": "DO NOT USE",
        "variation_additional_1_value": "Custom",
        "variation_additional_1_name": "fit",
        "variation_size_value": "Custom"
    },
    {
        "product_id": "21333",
        "keywords": [],
        "images": [
            {
                "url": "https://res.cloudinary.com/db0zftggw/image/upload/q_auto:best,f_auto,h_200/v1682346470/p/faherty/49899fa4e36c0342739b8133c494ffab.jpg",
                "title": "DO NOT USE",
                "is_main": true,
                "alt_text": "DO NOT USE",
                "dominant_color": "#E66163",
                "width": 454,
                "height": 278,
                "aspect_ratio": 1.6330935
            }
        ],
        "shipping_weight_unit": "lb",
        "is_searchable": false,
        "is_available": false,
        "show_in_listing": false,
        "extended_attributes": [],
        "title": "DO NOT USE",
        "shipping_weight_value": 0.0,
        "tax_class_id": "",
        "categories": [],
        "shipping_dimension_height": 0.0,
        "description": "DO NOT USE",
        "brand": "",
        "material": "",
        "shipping_dimension_length": 0.0,
        "variation_color_value": "",
        "online_from": "2020-01-01T00:00:00Z",
        "online_to": "2020-01-01T00:00:01Z",
        "shipping_dimension_width": 0.0,
        "manufacturer": null,
        "shipping_dimension_unit": "cm",
        "external_identifiers": [
            {
                "type": "sku",
                "value": "DO_NOT_USE"
            }
        ],
        "variant_group_id": "DO_NOT_USE",
        "caption": "DO NOT USE",
        "variation_additional_1_value": "Custom",
        "variation_additional_1_name": "fit",
        "variation_size_value": "Custom"
    },
    {
        "product_id": "21348",
        "keywords": [],
        "images": [
            {
                "url": "https://res.cloudinary.com/db0zftggw/image/upload/q_auto:best,f_auto,h_200/v1682346470/p/faherty/49899fa4e36c0342739b8133c494ffab.jpg",
                "title": "DO NOT USE",
                "is_main": true,
                "alt_text": "DO NOT USE",
                "dominant_color": "#E66163",
                "width": 454,
                "height": 278,
                "aspect_ratio": 1.6330935
            }
        ],
        "shipping_weight_unit": "lb",
        "is_searchable": false,
        "is_available": false,
        "show_in_listing": false,
        "extended_attributes": [],
        "title": "DO NOT USE",
        "shipping_weight_value": 0.0,
        "tax_class_id": "",
        "categories": [],
        "shipping_dimension_height": 0.0,
        "description": "DO NOT USE",
        "brand": "",
        "material": "",
        "shipping_dimension_length": 0.0,
        "variation_color_value": "",
        "online_from": "2020-01-01T00:00:00Z",
        "online_to": "2020-01-01T00:00:01Z",
        "shipping_dimension_width": 0.0,
        "manufacturer": null,
        "shipping_dimension_unit": "cm",
        "external_identifiers": [
            {
                "type": "sku",
                "value": "DO_NOT_USE"
            }
        ],
        "variant_group_id": "DO_NOT_USE",
        "caption": "DO NOT USE",
        "variation_additional_1_value": "Custom",
        "variation_additional_1_name": "fit",
        "variation_size_value": "Custom"
    },
    {
        "product_id": "21354",
        "keywords": [],
        "images": [
            {
                "url": "https://res.cloudinary.com/db0zftggw/image/upload/q_auto:best,f_auto,h_200/v1682346470/p/faherty/49899fa4e36c0342739b8133c494ffab.jpg",
                "title": "DO NOT USE",
                "is_main": true,
                "alt_text": "DO NOT USE",
                "dominant_color": "#E66163",
                "width": 454,
                "height": 278,
                "aspect_ratio": 1.6330935
            }
        ],
        "shipping_weight_unit": "lb",
        "is_searchable": false,
        "is_available": false,
        "show_in_listing": false,
        "extended_attributes": [],
        "title": "DO NOT USE",
        "shipping_weight_value": 0.0,
        "tax_class_id": "",
        "categories": [],
        "shipping_dimension_height": 0.0,
        "description": "DO NOT USE",
        "brand": "",
        "material": "",
        "shipping_dimension_length": 0.0,
        "variation_color_value": "",
        "online_from": "2020-01-01T00:00:00Z",
        "online_to": "2020-01-01T00:00:01Z",
        "shipping_dimension_width": 0.0,
        "manufacturer": null,
        "shipping_dimension_unit": "cm",
        "external_identifiers": [
            {
                "type": "sku",
                "value": "DO_NOT_USE"
            }
        ],
        "variant_group_id": "DO_NOT_USE",
        "caption": "DO NOT USE",
        "variation_additional_1_value": "Custom",
        "variation_additional_1_name": "fit",
        "variation_size_value": "Custom"
    },
    {
        "product_id": "21355",
        "keywords": [],
        "images": [
            {
                "url": "https://res.cloudinary.com/db0zftggw/image/upload/q_auto:best,f_auto,h_200/v1682346470/p/faherty/49899fa4e36c0342739b8133c494ffab.jpg",
                "title": "DO NOT USE",
                "is_main": true,
                "alt_text": "DO NOT USE",
                "dominant_color": "#E66163",
                "width": 454,
                "height": 278,
                "aspect_ratio": 1.6330935
            }
        ],
        "shipping_weight_unit": "lb",
        "is_searchable": false,
        "is_available": false,
        "show_in_listing": false,
        "extended_attributes": [],
        "title": "DO NOT USE",
        "shipping_weight_value": 0.0,
        "tax_class_id": "",
        "categories": [],
        "shipping_dimension_height": 0.0,
        "description": "DO NOT USE",
        "brand": "",
        "material": "",
        "shipping_dimension_length": 0.0,
        "variation_color_value": "",
        "online_from": "2020-01-01T00:00:00Z",
        "online_to": "2020-01-01T00:00:01Z",
        "shipping_dimension_width": 0.0,
        "manufacturer": null,
        "shipping_dimension_unit": "cm",
        "external_identifiers": [
            {
                "type": "sku",
                "value": "DO_NOT_USE"
            }
        ],
        "variant_group_id": "DO_NOT_USE",
        "caption": "DO NOT USE",
        "variation_additional_1_value": "Custom",
        "variation_additional_1_name": "fit",
        "variation_size_value": "Custom"
    },
    {
        "product_id": "21358",
        "keywords": [],
        "images": [
            {
                "url": "https://res.cloudinary.com/db0zftggw/image/upload/q_auto:best,f_auto,h_200/v1682346470/p/faherty/49899fa4e36c0342739b8133c494ffab.jpg",
                "title": "DO NOT USE",
                "is_main": true,
                "alt_text": "DO NOT USE",
                "dominant_color": "#E66163",
                "width": 454,
                "height": 278,
                "aspect_ratio": 1.6330935
            }
        ],
        "shipping_weight_unit": "lb",
        "is_searchable": false,
        "is_available": false,
        "show_in_listing": false,
        "extended_attributes": [],
        "title": "DO NOT USE",
        "shipping_weight_value": 0.0,
        "tax_class_id": "",
        "categories": [],
        "shipping_dimension_height": 0.0,
        "description": "DO NOT USE",
        "brand": "",
        "material": "",
        "shipping_dimension_length": 0.0,
        "variation_color_value": "",
        "online_from": "2020-01-01T00:00:00Z",
        "online_to": "2020-01-01T00:00:01Z",
        "shipping_dimension_width": 0.0,
        "manufacturer": null,
        "shipping_dimension_unit": "cm",
        "external_identifiers": [
            {
                "type": "sku",
                "value": "DO_NOT_USE"
            }
        ],
        "variant_group_id": "DO_NOT_USE",
        "caption": "DO NOT USE",
        "variation_additional_1_value": "Custom",
        "variation_additional_1_name": "fit",
        "variation_size_value": "Custom"
    },
    {
        "product_id": "21361",
        "keywords": [],
        "images": [
            {
                "url": "https://res.cloudinary.com/db0zftggw/image/upload/q_auto:best,f_auto,h_200/v1682346470/p/faherty/49899fa4e36c0342739b8133c494ffab.jpg",
                "title": "DO NOT USE",
                "is_main": true,
                "alt_text": "DO NOT USE",
                "dominant_color": "#E66163",
                "width": 454,
                "height": 278,
                "aspect_ratio": 1.6330935
            }
        ],
        "shipping_weight_unit": "lb",
        "is_searchable": false,
        "is_available": false,
        "show_in_listing": false,
        "extended_attributes": [],
        "title": "DO NOT USE",
        "shipping_weight_value": 0.0,
        "tax_class_id": "",
        "categories": [],
        "shipping_dimension_height": 0.0,
        "description": "DO NOT USE",
        "brand": "",
        "material": "",
        "shipping_dimension_length": 0.0,
        "variation_color_value": "",
        "online_from": "2020-01-01T00:00:00Z",
        "online_to": "2020-01-01T00:00:01Z",
        "shipping_dimension_width": 0.0,
        "manufacturer": null,
        "shipping_dimension_unit": "cm",
        "external_identifiers": [
            {
                "type": "sku",
                "value": "DO_NOT_USE"
            }
        ],
        "variant_group_id": "DO_NOT_USE",
        "caption": "DO NOT USE",
        "variation_additional_1_value": "Custom",
        "variation_additional_1_name": "fit",
        "variation_size_value": "Custom"
    },
    {
        "product_id": "21362",
        "keywords": [],
        "images": [
            {
                "url": "https://res.cloudinary.com/db0zftggw/image/upload/q_auto:best,f_auto,h_200/v1682346470/p/faherty/49899fa4e36c0342739b8133c494ffab.jpg",
                "title": "DO NOT USE",
                "is_main": true,
                "alt_text": "DO NOT USE",
                "dominant_color": "#E66163",
                "width": 454,
                "height": 278,
                "aspect_ratio": 1.6330935
            }
        ],
        "shipping_weight_unit": "lb",
        "is_searchable": false,
        "is_available": false,
        "show_in_listing": false,
        "extended_attributes": [],
        "title": "DO NOT USE",
        "shipping_weight_value": 0.0,
        "tax_class_id": "",
        "categories": [],
        "shipping_dimension_height": 0.0,
        "description": "DO NOT USE",
        "brand": "",
        "material": "",
        "shipping_dimension_length": 0.0,
        "variation_color_value": "",
        "online_from": "2020-01-01T00:00:00Z",
        "online_to": "2020-01-01T00:00:01Z",
        "shipping_dimension_width": 0.0,
        "manufacturer": null,
        "shipping_dimension_unit": "cm",
        "external_identifiers": [
            {
                "type": "sku",
                "value": "DO_NOT_USE"
            }
        ],
        "variant_group_id": "DO_NOT_USE",
        "caption": "DO NOT USE",
        "variation_additional_1_value": "Custom",
        "variation_additional_1_name": "fit",
        "variation_size_value": "Custom"
    },
    {
        "product_id": "21365",
        "keywords": [],
        "images": [
            {
                "url": "https://res.cloudinary.com/db0zftggw/image/upload/q_auto:best,f_auto,h_200/v1682346470/p/faherty/49899fa4e36c0342739b8133c494ffab.jpg",
                "title": "DO NOT USE",
                "is_main": true,
                "alt_text": "DO NOT USE",
                "dominant_color": "#E66163",
                "width": 454,
                "height": 278,
                "aspect_ratio": 1.6330935
            }
        ],
        "shipping_weight_unit": "lb",
        "is_searchable": false,
        "is_available": false,
        "show_in_listing": false,
        "extended_attributes": [],
        "title": "DO NOT USE",
        "shipping_weight_value": 0.0,
        "tax_class_id": "",
        "categories": [],
        "shipping_dimension_height": 0.0,
        "description": "DO NOT USE",
        "brand": "",
        "material": "",
        "shipping_dimension_length": 0.0,
        "variation_color_value": "",
        "online_from": "2020-01-01T00:00:00Z",
        "online_to": "2020-01-01T00:00:01Z",
        "shipping_dimension_width": 0.0,
        "manufacturer": null,
        "shipping_dimension_unit": "cm",
        "external_identifiers": [
            {
                "type": "sku",
                "value": "DO_NOT_USE"
            }
        ],
        "variant_group_id": "DO_NOT_USE",
        "caption": "DO NOT USE",
        "variation_additional_1_value": "Custom",
        "variation_additional_1_name": "fit",
        "variation_size_value": "Custom"
    },
    {
        "product_id": "21366",
        "keywords": [],
        "images": [
            {
                "url": "https://res.cloudinary.com/db0zftggw/image/upload/q_auto:best,f_auto,h_200/v1682346470/p/faherty/49899fa4e36c0342739b8133c494ffab.jpg",
                "title": "DO NOT USE",
                "is_main": true,
                "alt_text": "DO NOT USE",
                "dominant_color": "#E66163",
                "width": 454,
                "height": 278,
                "aspect_ratio": 1.6330935
            }
        ],
        "shipping_weight_unit": "lb",
        "is_searchable": false,
        "is_available": false,
        "show_in_listing": false,
        "extended_attributes": [],
        "title": "DO NOT USE",
        "shipping_weight_value": 0.0,
        "tax_class_id": "",
        "categories": [],
        "shipping_dimension_height": 0.0,
        "description": "DO NOT USE",
        "brand": "",
        "material": "",
        "shipping_dimension_length": 0.0,
        "variation_color_value": "",
        "online_from": "2020-01-01T00:00:00Z",
        "online_to": "2020-01-01T00:00:01Z",
        "shipping_dimension_width": 0.0,
        "manufacturer": null,
        "shipping_dimension_unit": "cm",
        "external_identifiers": [
            {
                "type": "sku",
                "value": "DO_NOT_USE"
            }
        ],
        "variant_group_id": "DO_NOT_USE",
        "caption": "DO NOT USE",
        "variation_additional_1_value": "Custom",
        "variation_additional_1_name": "fit",
        "variation_size_value": "Custom"
    },
    {
        "product_id": "21368",
        "keywords": [],
        "images": [
            {
                "url": "https://res.cloudinary.com/db0zftggw/image/upload/q_auto:best,f_auto,h_200/v1682346470/p/faherty/49899fa4e36c0342739b8133c494ffab.jpg",
                "title": "DO NOT USE",
                "is_main": true,
                "alt_text": "DO NOT USE",
                "dominant_color": "#E66163",
                "width": 454,
                "height": 278,
                "aspect_ratio": 1.6330935
            }
        ],
        "shipping_weight_unit": "lb",
        "is_searchable": false,
        "is_available": false,
        "show_in_listing": false,
        "extended_attributes": [],
        "title": "DO NOT USE",
        "shipping_weight_value": 0.0,
        "tax_class_id": "",
        "categories": [],
        "shipping_dimension_height": 0.0,
        "description": "DO NOT USE",
        "brand": "",
        "material": "",
        "shipping_dimension_length": 0.0,
        "variation_color_value": "",
        "online_from": "2020-01-01T00:00:00Z",
        "online_to": "2020-01-01T00:00:01Z",
        "shipping_dimension_width": 0.0,
        "manufacturer": null,
        "shipping_dimension_unit": "cm",
        "external_identifiers": [
            {
                "type": "sku",
                "value": "DO_NOT_USE"
            }
        ],
        "variant_group_id": "DO_NOT_USE",
        "caption": "DO NOT USE",
        "variation_additional_1_value": "Custom",
        "variation_additional_1_name": "fit",
        "variation_size_value": "Custom"
    },
    {
        "product_id": "21373",
        "keywords": [],
        "images": [
            {
                "url": "https://res.cloudinary.com/db0zftggw/image/upload/q_auto:best,f_auto,h_200/v1682346470/p/faherty/49899fa4e36c0342739b8133c494ffab.jpg",
                "title": "DO NOT USE",
                "is_main": true,
                "alt_text": "DO NOT USE",
                "dominant_color": "#E66163",
                "width": 454,
                "height": 278,
                "aspect_ratio": 1.6330935
            }
        ],
        "shipping_weight_unit": "lb",
        "is_searchable": false,
        "is_available": false,
        "show_in_listing": false,
        "extended_attributes": [],
        "title": "DO NOT USE",
        "shipping_weight_value": 0.0,
        "tax_class_id": "",
        "categories": [],
        "shipping_dimension_height": 0.0,
        "description": "DO NOT USE",
        "brand": "",
        "material": "",
        "shipping_dimension_length": 0.0,
        "variation_color_value": "",
        "online_from": "2020-01-01T00:00:00Z",
        "online_to": "2020-01-01T00:00:01Z",
        "shipping_dimension_width": 0.0,
        "manufacturer": null,
        "shipping_dimension_unit": "cm",
        "external_identifiers": [
            {
                "type": "sku",
                "value": "DO_NOT_USE"
            }
        ],
        "variant_group_id": "DO_NOT_USE",
        "caption": "DO NOT USE",
        "variation_additional_1_value": "Custom",
        "variation_additional_1_name": "fit",
        "variation_size_value": "Custom"
    },
    {
        "product_id": "21379",
        "keywords": [],
        "images": [
            {
                "url": "https://res.cloudinary.com/db0zftggw/image/upload/q_auto:best,f_auto,h_200/v1682346470/p/faherty/49899fa4e36c0342739b8133c494ffab.jpg",
                "title": "DO NOT USE",
                "is_main": true,
                "alt_text": "DO NOT USE",
                "dominant_color": "#E66163",
                "width": 454,
                "height": 278,
                "aspect_ratio": 1.6330935
            }
        ],
        "shipping_weight_unit": "lb",
        "is_searchable": false,
        "is_available": false,
        "show_in_listing": false,
        "extended_attributes": [],
        "title": "DO NOT USE",
        "shipping_weight_value": 0.0,
        "tax_class_id": "",
        "categories": [],
        "shipping_dimension_height": 0.0,
        "description": "DO NOT USE",
        "brand": "",
        "material": "",
        "shipping_dimension_length": 0.0,
        "variation_color_value": "",
        "online_from": "2020-01-01T00:00:00Z",
        "online_to": "2020-01-01T00:00:01Z",
        "shipping_dimension_width": 0.0,
        "manufacturer": null,
        "shipping_dimension_unit": "cm",
        "external_identifiers": [
            {
                "type": "sku",
                "value": "DO_NOT_USE"
            }
        ],
        "variant_group_id": "DO_NOT_USE",
        "caption": "DO NOT USE",
        "variation_additional_1_value": "Custom",
        "variation_additional_1_name": "fit",
        "variation_size_value": "Custom"
    },
    {
        "product_id": "21382",
        "keywords": [],
        "images": [
            {
                "url": "https://res.cloudinary.com/db0zftggw/image/upload/q_auto:best,f_auto,h_200/v1682346470/p/faherty/49899fa4e36c0342739b8133c494ffab.jpg",
                "title": "DO NOT USE",
                "is_main": true,
                "alt_text": "DO NOT USE",
                "dominant_color": "#E66163",
                "width": 454,
                "height": 278,
                "aspect_ratio": 1.6330935
            }
        ],
        "shipping_weight_unit": "lb",
        "is_searchable": false,
        "is_available": false,
        "show_in_listing": false,
        "extended_attributes": [],
        "title": "DO NOT USE",
        "shipping_weight_value": 0.0,
        "tax_class_id": "",
        "categories": [],
        "shipping_dimension_height": 0.0,
        "description": "DO NOT USE",
        "brand": "",
        "material": "",
        "shipping_dimension_length": 0.0,
        "variation_color_value": "",
        "online_from": "2020-01-01T00:00:00Z",
        "online_to": "2020-01-01T00:00:01Z",
        "shipping_dimension_width": 0.0,
        "manufacturer": null,
        "shipping_dimension_unit": "cm",
        "external_identifiers": [
            {
                "type": "sku",
                "value": "DO_NOT_USE"
            }
        ],
        "variant_group_id": "DO_NOT_USE",
        "caption": "DO NOT USE",
        "variation_additional_1_value": "Custom",
        "variation_additional_1_name": "fit",
        "variation_size_value": "Custom"
    },
    {
        "product_id": "21385",
        "keywords": [],
        "images": [
            {
                "url": "https://res.cloudinary.com/db0zftggw/image/upload/q_auto:best,f_auto,h_200/v1682346470/p/faherty/49899fa4e36c0342739b8133c494ffab.jpg",
                "title": "DO NOT USE",
                "is_main": true,
                "alt_text": "DO NOT USE",
                "dominant_color": "#E66163",
                "width": 454,
                "height": 278,
                "aspect_ratio": 1.6330935
            }
        ],
        "shipping_weight_unit": "lb",
        "is_searchable": false,
        "is_available": false,
        "show_in_listing": false,
        "extended_attributes": [],
        "title": "DO NOT USE",
        "shipping_weight_value": 0.0,
        "tax_class_id": "",
        "categories": [],
        "shipping_dimension_height": 0.0,
        "description": "DO NOT USE",
        "brand": "",
        "material": "",
        "shipping_dimension_length": 0.0,
        "variation_color_value": "",
        "online_from": "2020-01-01T00:00:00Z",
        "online_to": "2020-01-01T00:00:01Z",
        "shipping_dimension_width": 0.0,
        "manufacturer": null,
        "shipping_dimension_unit": "cm",
        "external_identifiers": [
            {
                "type": "sku",
                "value": "DO_NOT_USE"
            }
        ],
        "variant_group_id": "DO_NOT_USE",
        "caption": "DO NOT USE",
        "variation_additional_1_value": "Custom",
        "variation_additional_1_name": "fit",
        "variation_size_value": "Custom"
    },
    {
        "product_id": "21404",
        "keywords": [],
        "images": [
            {
                "url": "https://res.cloudinary.com/db0zftggw/image/upload/q_auto:best,f_auto,h_200/v1682346470/p/faherty/49899fa4e36c0342739b8133c494ffab.jpg",
                "title": "DO NOT USE",
                "is_main": true,
                "alt_text": "DO NOT USE",
                "dominant_color": "#E66163",
                "width": 454,
                "height": 278,
                "aspect_ratio": 1.6330935
            }
        ],
        "shipping_weight_unit": "lb",
        "is_searchable": false,
        "is_available": false,
        "show_in_listing": false,
        "extended_attributes": [],
        "title": "DO NOT USE",
        "shipping_weight_value": 0.0,
        "tax_class_id": "",
        "categories": [],
        "shipping_dimension_height": 0.0,
        "description": "DO NOT USE",
        "brand": "",
        "material": "",
        "shipping_dimension_length": 0.0,
        "variation_color_value": "",
        "online_from": "2020-01-01T00:00:00Z",
        "online_to": "2020-01-01T00:00:01Z",
        "shipping_dimension_width": 0.0,
        "manufacturer": null,
        "shipping_dimension_unit": "cm",
        "external_identifiers": [
            {
                "type": "sku",
                "value": "DO_NOT_USE"
            }
        ],
        "variant_group_id": "DO_NOT_USE",
        "caption": "DO NOT USE",
        "variation_additional_1_value": "Custom",
        "variation_additional_1_name": "fit",
        "variation_size_value": "Custom"
    },
    {
        "product_id": "21405",
        "keywords": [],
        "images": [
            {
                "url": "https://res.cloudinary.com/db0zftggw/image/upload/q_auto:best,f_auto,h_200/v1682346470/p/faherty/49899fa4e36c0342739b8133c494ffab.jpg",
                "title": "DO NOT USE",
                "is_main": true,
                "alt_text": "DO NOT USE",
                "dominant_color": "#E66163",
                "width": 454,
                "height": 278,
                "aspect_ratio": 1.6330935
            }
        ],
        "shipping_weight_unit": "lb",
        "is_searchable": false,
        "is_available": false,
        "show_in_listing": false,
        "extended_attributes": [],
        "title": "DO NOT USE",
        "shipping_weight_value": 0.0,
        "tax_class_id": "",
        "categories": [],
        "shipping_dimension_height": 0.0,
        "description": "DO NOT USE",
        "brand": "",
        "material": "",
        "shipping_dimension_length": 0.0,
        "variation_color_value": "",
        "online_from": "2020-01-01T00:00:00Z",
        "online_to": "2020-01-01T00:00:01Z",
        "shipping_dimension_width": 0.0,
        "manufacturer": null,
        "shipping_dimension_unit": "cm",
        "external_identifiers": [
            {
                "type": "sku",
                "value": "DO_NOT_USE"
            }
        ],
        "variant_group_id": "DO_NOT_USE",
        "caption": "DO NOT USE",
        "variation_additional_1_value": "Custom",
        "variation_additional_1_name": "fit",
        "variation_size_value": "Custom"
    },
    {
        "product_id": "21414",
        "keywords": [],
        "images": [
            {
                "url": "https://res.cloudinary.com/db0zftggw/image/upload/q_auto:best,f_auto,h_200/v1682346470/p/faherty/49899fa4e36c0342739b8133c494ffab.jpg",
                "title": "DO NOT USE",
                "is_main": true,
                "alt_text": "DO NOT USE",
                "dominant_color": "#E66163",
                "width": 454,
                "height": 278,
                "aspect_ratio": 1.6330935
            }
        ],
        "shipping_weight_unit": "lb",
        "is_searchable": false,
        "is_available": false,
        "show_in_listing": false,
        "extended_attributes": [],
        "title": "DO NOT USE",
        "shipping_weight_value": 0.0,
        "tax_class_id": "",
        "categories": [],
        "shipping_dimension_height": 0.0,
        "description": "DO NOT USE",
        "brand": "",
        "material": "",
        "shipping_dimension_length": 0.0,
        "variation_color_value": "",
        "online_from": "2020-01-01T00:00:00Z",
        "online_to": "2020-01-01T00:00:01Z",
        "shipping_dimension_width": 0.0,
        "manufacturer": null,
        "shipping_dimension_unit": "cm",
        "external_identifiers": [
            {
                "type": "sku",
                "value": "DO_NOT_USE"
            }
        ],
        "variant_group_id": "DO_NOT_USE",
        "caption": "DO NOT USE",
        "variation_additional_1_value": "Custom",
        "variation_additional_1_name": "fit",
        "variation_size_value": "Custom"
    },
    {
        "product_id": "21421",
        "keywords": [],
        "images": [
            {
                "url": "https://res.cloudinary.com/db0zftggw/image/upload/q_auto:best,f_auto,h_200/v1682346470/p/faherty/49899fa4e36c0342739b8133c494ffab.jpg",
                "title": "DO NOT USE",
                "is_main": true,
                "alt_text": "DO NOT USE",
                "dominant_color": "#E66163",
                "width": 454,
                "height": 278,
                "aspect_ratio": 1.6330935
            }
        ],
        "shipping_weight_unit": "lb",
        "is_searchable": false,
        "is_available": false,
        "show_in_listing": false,
        "extended_attributes": [],
        "title": "DO NOT USE",
        "shipping_weight_value": 0.0,
        "tax_class_id": "",
        "categories": [],
        "shipping_dimension_height": 0.0,
        "description": "DO NOT USE",
        "brand": "",
        "material": "",
        "shipping_dimension_length": 0.0,
        "variation_color_value": "",
        "online_from": "2020-01-01T00:00:00Z",
        "online_to": "2020-01-01T00:00:01Z",
        "shipping_dimension_width": 0.0,
        "manufacturer": null,
        "shipping_dimension_unit": "cm",
        "external_identifiers": [
            {
                "type": "sku",
                "value": "DO_NOT_USE"
            }
        ],
        "variant_group_id": "DO_NOT_USE",
        "caption": "DO NOT USE",
        "variation_additional_1_value": "Custom",
        "variation_additional_1_name": "fit",
        "variation_size_value": "Custom"
    },
    {
        "product_id": "21422",
        "keywords": [],
        "images": [
            {
                "url": "https://res.cloudinary.com/db0zftggw/image/upload/q_auto:best,f_auto,h_200/v1682346470/p/faherty/49899fa4e36c0342739b8133c494ffab.jpg",
                "title": "DO NOT USE",
                "is_main": true,
                "alt_text": "DO NOT USE",
                "dominant_color": "#E66163",
                "width": 454,
                "height": 278,
                "aspect_ratio": 1.6330935
            }
        ],
        "shipping_weight_unit": "lb",
        "is_searchable": false,
        "is_available": false,
        "show_in_listing": false,
        "extended_attributes": [],
        "title": "DO NOT USE",
        "shipping_weight_value": 0.0,
        "tax_class_id": "",
        "categories": [],
        "shipping_dimension_height": 0.0,
        "description": "DO NOT USE",
        "brand": "",
        "material": "",
        "shipping_dimension_length": 0.0,
        "variation_color_value": "",
        "online_from": "2020-01-01T00:00:00Z",
        "online_to": "2020-01-01T00:00:01Z",
        "shipping_dimension_width": 0.0,
        "manufacturer": null,
        "shipping_dimension_unit": "cm",
        "external_identifiers": [
            {
                "type": "sku",
                "value": "DO_NOT_USE"
            }
        ],
        "variant_group_id": "DO_NOT_USE",
        "caption": "DO NOT USE",
        "variation_additional_1_value": "Custom",
        "variation_additional_1_name": "fit",
        "variation_size_value": "Custom"
    },
    {
        "product_id": "21430",
        "keywords": [],
        "images": [
            {
                "url": "https://res.cloudinary.com/db0zftggw/image/upload/q_auto:best,f_auto,h_200/v1682346470/p/faherty/49899fa4e36c0342739b8133c494ffab.jpg",
                "title": "DO NOT USE",
                "is_main": true,
                "alt_text": "DO NOT USE",
                "dominant_color": "#E66163",
                "width": 454,
                "height": 278,
                "aspect_ratio": 1.6330935
            }
        ],
        "shipping_weight_unit": "lb",
        "is_searchable": false,
        "is_available": false,
        "show_in_listing": false,
        "extended_attributes": [],
        "title": "DO NOT USE",
        "shipping_weight_value": 0.0,
        "tax_class_id": "",
        "categories": [],
        "shipping_dimension_height": 0.0,
        "description": "DO NOT USE",
        "brand": "",
        "material": "",
        "shipping_dimension_length": 0.0,
        "variation_color_value": "",
        "online_from": "2020-01-01T00:00:00Z",
        "online_to": "2020-01-01T00:00:01Z",
        "shipping_dimension_width": 0.0,
        "manufacturer": null,
        "shipping_dimension_unit": "cm",
        "external_identifiers": [
            {
                "type": "sku",
                "value": "DO_NOT_USE"
            }
        ],
        "variant_group_id": "DO_NOT_USE",
        "caption": "DO NOT USE",
        "variation_additional_1_value": "Custom",
        "variation_additional_1_name": "fit",
        "variation_size_value": "Custom"
    },
    {
        "product_id": "21444",
        "keywords": [],
        "images": [
            {
                "url": "https://res.cloudinary.com/db0zftggw/image/upload/q_auto:best,f_auto,h_200/v1682346470/p/faherty/49899fa4e36c0342739b8133c494ffab.jpg",
                "title": "DO NOT USE",
                "is_main": true,
                "alt_text": "DO NOT USE",
                "dominant_color": "#E66163",
                "width": 454,
                "height": 278,
                "aspect_ratio": 1.6330935
            }
        ],
        "shipping_weight_unit": "lb",
        "is_searchable": false,
        "is_available": false,
        "show_in_listing": false,
        "extended_attributes": [],
        "title": "DO NOT USE",
        "shipping_weight_value": 0.0,
        "tax_class_id": "",
        "categories": [],
        "shipping_dimension_height": 0.0,
        "description": "DO NOT USE",
        "brand": "",
        "material": "",
        "shipping_dimension_length": 0.0,
        "variation_color_value": "",
        "online_from": "2020-01-01T00:00:00Z",
        "online_to": "2020-01-01T00:00:01Z",
        "shipping_dimension_width": 0.0,
        "manufacturer": null,
        "shipping_dimension_unit": "cm",
        "external_identifiers": [
            {
                "type": "sku",
                "value": "DO_NOT_USE"
            }
        ],
        "variant_group_id": "DO_NOT_USE",
        "caption": "DO NOT USE",
        "variation_additional_1_value": "Custom",
        "variation_additional_1_name": "fit",
        "variation_size_value": "Custom"
    },
    {
        "product_id": "21447",
        "keywords": [],
        "images": [
            {
                "url": "https://res.cloudinary.com/db0zftggw/image/upload/q_auto:best,f_auto,h_200/v1682346470/p/faherty/49899fa4e36c0342739b8133c494ffab.jpg",
                "title": "DO NOT USE",
                "is_main": true,
                "alt_text": "DO NOT USE",
                "dominant_color": "#E66163",
                "width": 454,
                "height": 278,
                "aspect_ratio": 1.6330935
            }
        ],
        "shipping_weight_unit": "lb",
        "is_searchable": false,
        "is_available": false,
        "show_in_listing": false,
        "extended_attributes": [],
        "title": "DO NOT USE",
        "shipping_weight_value": 0.0,
        "tax_class_id": "",
        "categories": [],
        "shipping_dimension_height": 0.0,
        "description": "DO NOT USE",
        "brand": "",
        "material": "",
        "shipping_dimension_length": 0.0,
        "variation_color_value": "",
        "online_from": "2020-01-01T00:00:00Z",
        "online_to": "2020-01-01T00:00:01Z",
        "shipping_dimension_width": 0.0,
        "manufacturer": null,
        "shipping_dimension_unit": "cm",
        "external_identifiers": [
            {
                "type": "sku",
                "value": "DO_NOT_USE"
            }
        ],
        "variant_group_id": "DO_NOT_USE",
        "caption": "DO NOT USE",
        "variation_additional_1_value": "Custom",
        "variation_additional_1_name": "fit",
        "variation_size_value": "Custom"
    },
    {
        "product_id": "21448",
        "keywords": [],
        "images": [
            {
                "url": "https://res.cloudinary.com/db0zftggw/image/upload/q_auto:best,f_auto,h_200/v1682346470/p/faherty/49899fa4e36c0342739b8133c494ffab.jpg",
                "title": "DO NOT USE",
                "is_main": true,
                "alt_text": "DO NOT USE",
                "dominant_color": "#E66163",
                "width": 454,
                "height": 278,
                "aspect_ratio": 1.6330935
            }
        ],
        "shipping_weight_unit": "lb",
        "is_searchable": false,
        "is_available": false,
        "show_in_listing": false,
        "extended_attributes": [],
        "title": "DO NOT USE",
        "shipping_weight_value": 0.0,
        "tax_class_id": "",
        "categories": [],
        "shipping_dimension_height": 0.0,
        "description": "DO NOT USE",
        "brand": "",
        "material": "",
        "shipping_dimension_length": 0.0,
        "variation_color_value": "",
        "online_from": "2020-01-01T00:00:00Z",
        "online_to": "2020-01-01T00:00:01Z",
        "shipping_dimension_width": 0.0,
        "manufacturer": null,
        "shipping_dimension_unit": "cm",
        "external_identifiers": [
            {
                "type": "sku",
                "value": "DO_NOT_USE"
            }
        ],
        "variant_group_id": "DO_NOT_USE",
        "caption": "DO NOT USE",
        "variation_additional_1_value": "Custom",
        "variation_additional_1_name": "fit",
        "variation_size_value": "Custom"
    },
    {
        "product_id": "21478",
        "keywords": [],
        "images": [
            {
                "url": "https://res.cloudinary.com/db0zftggw/image/upload/q_auto:best,f_auto,h_200/v1682346470/p/faherty/49899fa4e36c0342739b8133c494ffab.jpg",
                "title": "DO NOT USE",
                "is_main": true,
                "alt_text": "DO NOT USE",
                "dominant_color": "#E66163",
                "width": 454,
                "height": 278,
                "aspect_ratio": 1.6330935
            }
        ],
        "shipping_weight_unit": "lb",
        "is_searchable": false,
        "is_available": false,
        "show_in_listing": false,
        "extended_attributes": [],
        "title": "DO NOT USE",
        "shipping_weight_value": 0.0,
        "tax_class_id": "",
        "categories": [],
        "shipping_dimension_height": 0.0,
        "description": "DO NOT USE",
        "brand": "",
        "material": "",
        "shipping_dimension_length": 0.0,
        "variation_color_value": "",
        "online_from": "2020-01-01T00:00:00Z",
        "online_to": "2020-01-01T00:00:01Z",
        "shipping_dimension_width": 0.0,
        "manufacturer": null,
        "shipping_dimension_unit": "cm",
        "external_identifiers": [
            {
                "type": "sku",
                "value": "DO_NOT_USE"
            }
        ],
        "variant_group_id": "DO_NOT_USE",
        "caption": "DO NOT USE",
        "variation_additional_1_value": "Custom",
        "variation_additional_1_name": "fit",
        "variation_size_value": "Custom"
    },
    {
        "product_id": "21479",
        "keywords": [],
        "images": [
            {
                "url": "https://res.cloudinary.com/db0zftggw/image/upload/q_auto:best,f_auto,h_200/v1682346470/p/faherty/49899fa4e36c0342739b8133c494ffab.jpg",
                "title": "DO NOT USE",
                "is_main": true,
                "alt_text": "DO NOT USE",
                "dominant_color": "#E66163",
                "width": 454,
                "height": 278,
                "aspect_ratio": 1.6330935
            }
        ],
        "shipping_weight_unit": "lb",
        "is_searchable": false,
        "is_available": false,
        "show_in_listing": false,
        "extended_attributes": [],
        "title": "DO NOT USE",
        "shipping_weight_value": 0.0,
        "tax_class_id": "",
        "categories": [],
        "shipping_dimension_height": 0.0,
        "description": "DO NOT USE",
        "brand": "",
        "material": "",
        "shipping_dimension_length": 0.0,
        "variation_color_value": "",
        "online_from": "2020-01-01T00:00:00Z",
        "online_to": "2020-01-01T00:00:01Z",
        "shipping_dimension_width": 0.0,
        "manufacturer": null,
        "shipping_dimension_unit": "cm",
        "external_identifiers": [
            {
                "type": "sku",
                "value": "DO_NOT_USE"
            }
        ],
        "variant_group_id": "DO_NOT_USE",
        "caption": "DO NOT USE",
        "variation_additional_1_value": "Custom",
        "variation_additional_1_name": "fit",
        "variation_size_value": "Custom"
    },
    {
        "product_id": "21480",
        "keywords": [],
        "images": [
            {
                "url": "https://res.cloudinary.com/db0zftggw/image/upload/q_auto:best,f_auto,h_200/v1682346470/p/faherty/49899fa4e36c0342739b8133c494ffab.jpg",
                "title": "DO NOT USE",
                "is_main": true,
                "alt_text": "DO NOT USE",
                "dominant_color": "#E66163",
                "width": 454,
                "height": 278,
                "aspect_ratio": 1.6330935
            }
        ],
        "shipping_weight_unit": "lb",
        "is_searchable": false,
        "is_available": false,
        "show_in_listing": false,
        "extended_attributes": [],
        "title": "DO NOT USE",
        "shipping_weight_value": 0.0,
        "tax_class_id": "",
        "categories": [],
        "shipping_dimension_height": 0.0,
        "description": "DO NOT USE",
        "brand": "",
        "material": "",
        "shipping_dimension_length": 0.0,
        "variation_color_value": "",
        "online_from": "2020-01-01T00:00:00Z",
        "online_to": "2020-01-01T00:00:01Z",
        "shipping_dimension_width": 0.0,
        "manufacturer": null,
        "shipping_dimension_unit": "cm",
        "external_identifiers": [
            {
                "type": "sku",
                "value": "DO_NOT_USE"
            }
        ],
        "variant_group_id": "DO_NOT_USE",
        "caption": "DO NOT USE",
        "variation_additional_1_value": "Custom",
        "variation_additional_1_name": "fit",
        "variation_size_value": "Custom"
    },
    {
        "product_id": "21488",
        "keywords": [],
        "images": [
            {
                "url": "https://res.cloudinary.com/db0zftggw/image/upload/q_auto:best,f_auto,h_200/v1682346470/p/faherty/49899fa4e36c0342739b8133c494ffab.jpg",
                "title": "DO NOT USE",
                "is_main": true,
                "alt_text": "DO NOT USE",
                "dominant_color": "#E66163",
                "width": 454,
                "height": 278,
                "aspect_ratio": 1.6330935
            }
        ],
        "shipping_weight_unit": "lb",
        "is_searchable": false,
        "is_available": false,
        "show_in_listing": false,
        "extended_attributes": [],
        "title": "DO NOT USE",
        "shipping_weight_value": 0.0,
        "tax_class_id": "",
        "categories": [],
        "shipping_dimension_height": 0.0,
        "description": "DO NOT USE",
        "brand": "",
        "material": "",
        "shipping_dimension_length": 0.0,
        "variation_color_value": "",
        "online_from": "2020-01-01T00:00:00Z",
        "online_to": "2020-01-01T00:00:01Z",
        "shipping_dimension_width": 0.0,
        "manufacturer": null,
        "shipping_dimension_unit": "cm",
        "external_identifiers": [
            {
                "type": "sku",
                "value": "DO_NOT_USE"
            }
        ],
        "variant_group_id": "DO_NOT_USE",
        "caption": "DO NOT USE",
        "variation_additional_1_value": "Custom",
        "variation_additional_1_name": "fit",
        "variation_size_value": "Custom"
    },
    {
        "product_id": "21489",
        "keywords": [],
        "images": [
            {
                "url": "https://res.cloudinary.com/db0zftggw/image/upload/q_auto:best,f_auto,h_200/v1682346470/p/faherty/49899fa4e36c0342739b8133c494ffab.jpg",
                "title": "DO NOT USE",
                "is_main": true,
                "alt_text": "DO NOT USE",
                "dominant_color": "#E66163",
                "width": 454,
                "height": 278,
                "aspect_ratio": 1.6330935
            }
        ],
        "shipping_weight_unit": "lb",
        "is_searchable": false,
        "is_available": false,
        "show_in_listing": false,
        "extended_attributes": [],
        "title": "DO NOT USE",
        "shipping_weight_value": 0.0,
        "tax_class_id": "",
        "categories": [],
        "shipping_dimension_height": 0.0,
        "description": "DO NOT USE",
        "brand": "",
        "material": "",
        "shipping_dimension_length": 0.0,
        "variation_color_value": "",
        "online_from": "2020-01-01T00:00:00Z",
        "online_to": "2020-01-01T00:00:01Z",
        "shipping_dimension_width": 0.0,
        "manufacturer": null,
        "shipping_dimension_unit": "cm",
        "external_identifiers": [
            {
                "type": "sku",
                "value": "DO_NOT_USE"
            }
        ],
        "variant_group_id": "DO_NOT_USE",
        "caption": "DO NOT USE",
        "variation_additional_1_value": "Custom",
        "variation_additional_1_name": "fit",
        "variation_size_value": "Custom"
    },
    {
        "product_id": "21495",
        "keywords": [],
        "images": [
            {
                "url": "https://res.cloudinary.com/db0zftggw/image/upload/q_auto:best,f_auto,h_200/v1682346470/p/faherty/49899fa4e36c0342739b8133c494ffab.jpg",
                "title": "DO NOT USE",
                "is_main": true,
                "alt_text": "DO NOT USE",
                "dominant_color": "#E66163",
                "width": 454,
                "height": 278,
                "aspect_ratio": 1.6330935
            }
        ],
        "shipping_weight_unit": "lb",
        "is_searchable": false,
        "is_available": false,
        "show_in_listing": false,
        "extended_attributes": [],
        "title": "DO NOT USE",
        "shipping_weight_value": 0.0,
        "tax_class_id": "",
        "categories": [],
        "shipping_dimension_height": 0.0,
        "description": "DO NOT USE",
        "brand": "",
        "material": "",
        "shipping_dimension_length": 0.0,
        "variation_color_value": "",
        "online_from": "2020-01-01T00:00:00Z",
        "online_to": "2020-01-01T00:00:01Z",
        "shipping_dimension_width": 0.0,
        "manufacturer": null,
        "shipping_dimension_unit": "cm",
        "external_identifiers": [
            {
                "type": "sku",
                "value": "DO_NOT_USE"
            }
        ],
        "variant_group_id": "DO_NOT_USE",
        "caption": "DO NOT USE",
        "variation_additional_1_value": "Custom",
        "variation_additional_1_name": "fit",
        "variation_size_value": "Custom"
    },
    {
        "product_id": "21523",
        "keywords": [],
        "images": [
            {
                "url": "https://res.cloudinary.com/db0zftggw/image/upload/q_auto:best,f_auto,h_200/v1682346470/p/faherty/49899fa4e36c0342739b8133c494ffab.jpg",
                "title": "DO NOT USE",
                "is_main": true,
                "alt_text": "DO NOT USE",
                "dominant_color": "#E66163",
                "width": 454,
                "height": 278,
                "aspect_ratio": 1.6330935
            }
        ],
        "shipping_weight_unit": "lb",
        "is_searchable": false,
        "is_available": false,
        "show_in_listing": false,
        "extended_attributes": [],
        "title": "DO NOT USE",
        "shipping_weight_value": 0.0,
        "tax_class_id": "",
        "categories": [],
        "shipping_dimension_height": 0.0,
        "description": "DO NOT USE",
        "brand": "",
        "material": "",
        "shipping_dimension_length": 0.0,
        "variation_color_value": "",
        "online_from": "2020-01-01T00:00:00Z",
        "online_to": "2020-01-01T00:00:01Z",
        "shipping_dimension_width": 0.0,
        "manufacturer": null,
        "shipping_dimension_unit": "cm",
        "external_identifiers": [
            {
                "type": "sku",
                "value": "DO_NOT_USE"
            }
        ],
        "variant_group_id": "DO_NOT_USE",
        "caption": "DO NOT USE",
        "variation_additional_1_value": "Custom",
        "variation_additional_1_name": "fit",
        "variation_size_value": "Custom"
    },
    {
        "product_id": "21526",
        "keywords": [],
        "images": [
            {
                "url": "https://res.cloudinary.com/db0zftggw/image/upload/q_auto:best,f_auto,h_200/v1682346470/p/faherty/49899fa4e36c0342739b8133c494ffab.jpg",
                "title": "DO NOT USE",
                "is_main": true,
                "alt_text": "DO NOT USE",
                "dominant_color": "#E66163",
                "width": 454,
                "height": 278,
                "aspect_ratio": 1.6330935
            }
        ],
        "shipping_weight_unit": "lb",
        "is_searchable": false,
        "is_available": false,
        "show_in_listing": false,
        "extended_attributes": [],
        "title": "DO NOT USE",
        "shipping_weight_value": 0.0,
        "tax_class_id": "",
        "categories": [],
        "shipping_dimension_height": 0.0,
        "description": "DO NOT USE",
        "brand": "",
        "material": "",
        "shipping_dimension_length": 0.0,
        "variation_color_value": "",
        "online_from": "2020-01-01T00:00:00Z",
        "online_to": "2020-01-01T00:00:01Z",
        "shipping_dimension_width": 0.0,
        "manufacturer": null,
        "shipping_dimension_unit": "cm",
        "external_identifiers": [
            {
                "type": "sku",
                "value": "DO_NOT_USE"
            }
        ],
        "variant_group_id": "DO_NOT_USE",
        "caption": "DO NOT USE",
        "variation_additional_1_value": "Custom",
        "variation_additional_1_name": "fit",
        "variation_size_value": "Custom"
    },
    {
        "product_id": "25223",
        "keywords": [],
        "images": [
            {
                "url": "https://res.cloudinary.com/db0zftggw/image/upload/q_auto:best,f_auto,h_200/v1682346470/p/faherty/49899fa4e36c0342739b8133c494ffab.jpg",
                "title": "DO NOT USE",
                "is_main": true,
                "alt_text": "DO NOT USE",
                "dominant_color": "#E66163",
                "width": 454,
                "height": 278,
                "aspect_ratio": 1.6330935
            }
        ],
        "shipping_weight_unit": "lb",
        "is_searchable": false,
        "is_available": false,
        "show_in_listing": false,
        "extended_attributes": [],
        "title": "DO NOT USE",
        "shipping_weight_value": 0.0,
        "tax_class_id": "",
        "categories": [],
        "shipping_dimension_height": 0.0,
        "description": "DO NOT USE",
        "brand": "",
        "material": "",
        "shipping_dimension_length": 0.0,
        "variation_color_value": "",
        "online_from": "2020-01-01T00:00:00Z",
        "online_to": "2020-01-01T00:00:01Z",
        "shipping_dimension_width": 0.0,
        "manufacturer": null,
        "shipping_dimension_unit": "cm",
        "external_identifiers": [
            {
                "type": "sku",
                "value": "DO_NOT_USE"
            }
        ],
        "variant_group_id": "DO_NOT_USE",
        "caption": "DO NOT USE",
        "variation_additional_1_value": "Custom",
        "variation_additional_1_name": "fit",
        "variation_size_value": "Custom"
    },
    {
        "product_id": "25224",
        "keywords": [],
        "images": [
            {
                "url": "https://res.cloudinary.com/db0zftggw/image/upload/q_auto:best,f_auto,h_200/v1682346470/p/faherty/49899fa4e36c0342739b8133c494ffab.jpg",
                "title": "DO NOT USE",
                "is_main": true,
                "alt_text": "DO NOT USE",
                "dominant_color": "#E66163",
                "width": 454,
                "height": 278,
                "aspect_ratio": 1.6330935
            }
        ],
        "shipping_weight_unit": "lb",
        "is_searchable": false,
        "is_available": false,
        "show_in_listing": false,
        "extended_attributes": [],
        "title": "DO NOT USE",
        "shipping_weight_value": 0.0,
        "tax_class_id": "",
        "categories": [],
        "shipping_dimension_height": 0.0,
        "description": "DO NOT USE",
        "brand": "",
        "material": "",
        "shipping_dimension_length": 0.0,
        "variation_color_value": "",
        "online_from": "2020-01-01T00:00:00Z",
        "online_to": "2020-01-01T00:00:01Z",
        "shipping_dimension_width": 0.0,
        "manufacturer": null,
        "shipping_dimension_unit": "cm",
        "external_identifiers": [
            {
                "type": "sku",
                "value": "DO_NOT_USE"
            }
        ],
        "variant_group_id": "DO_NOT_USE",
        "caption": "DO NOT USE",
        "variation_additional_1_value": "Custom",
        "variation_additional_1_name": "fit",
        "variation_size_value": "Custom"
    },
    {
        "product_id": "14975",
        "keywords": [],
        "images": [
            {
                "url": "https://res.cloudinary.com/db0zftggw/image/upload/q_auto:best,f_auto,h_200/v1682346470/p/faherty/49899fa4e36c0342739b8133c494ffab.jpg",
                "title": "DO NOT USE",
                "is_main": true,
                "alt_text": "DO NOT USE",
                "dominant_color": "#E66163",
                "width": 454,
                "height": 278,
                "aspect_ratio": 1.6330935
            }
        ],
        "shipping_weight_unit": "lb",
        "is_searchable": false,
        "is_available": false,
        "show_in_listing": false,
        "extended_attributes": [],
        "title": "DO NOT USE",
        "shipping_weight_value": 0.0,
        "tax_class_id": "",
        "categories": [],
        "shipping_dimension_height": 0.0,
        "description": "DO NOT USE",
        "brand": "",
        "material": "",
        "shipping_dimension_length": 0.0,
        "variation_color_value": "",
        "online_from": "2020-01-01T00:00:00Z",
        "online_to": "2020-01-01T00:00:01Z",
        "shipping_dimension_width": 0.0,
        "manufacturer": null,
        "shipping_dimension_unit": "cm",
        "external_identifiers": [
            {
                "type": "sku",
                "value": "DO_NOT_USE"
            }
        ],
        "variant_group_id": "DO_NOT_USE",
        "caption": "DO NOT USE",
        "variation_additional_1_value": "Custom",
        "variation_additional_1_name": "fit",
        "variation_size_value": "Custom"
    },
    {
        "product_id": "17789",
        "keywords": [],
        "images": [
            {
                "url": "https://res.cloudinary.com/db0zftggw/image/upload/q_auto:best,f_auto,h_200/v1682346470/p/faherty/49899fa4e36c0342739b8133c494ffab.jpg",
                "title": "DO NOT USE",
                "is_main": true,
                "alt_text": "DO NOT USE",
                "dominant_color": "#E66163",
                "width": 454,
                "height": 278,
                "aspect_ratio": 1.6330935
            }
        ],
        "shipping_weight_unit": "lb",
        "is_searchable": false,
        "is_available": false,
        "show_in_listing": false,
        "extended_attributes": [],
        "title": "DO NOT USE",
        "shipping_weight_value": 0.0,
        "tax_class_id": "",
        "categories": [],
        "shipping_dimension_height": 0.0,
        "description": "DO NOT USE",
        "brand": "",
        "material": "",
        "shipping_dimension_length": 0.0,
        "variation_color_value": "",
        "online_from": "2020-01-01T00:00:00Z",
        "online_to": "2020-01-01T00:00:01Z",
        "shipping_dimension_width": 0.0,
        "manufacturer": null,
        "shipping_dimension_unit": "cm",
        "external_identifiers": [
            {
                "type": "sku",
                "value": "DO_NOT_USE"
            }
        ],
        "variant_group_id": "DO_NOT_USE",
        "caption": "DO NOT USE",
        "variation_additional_1_value": "Custom",
        "variation_additional_1_name": "fit",
        "variation_size_value": "Custom"
    },
    {
        "product_id": "17791",
        "keywords": [],
        "images": [
            {
                "url": "https://res.cloudinary.com/db0zftggw/image/upload/q_auto:best,f_auto,h_200/v1682346470/p/faherty/49899fa4e36c0342739b8133c494ffab.jpg",
                "title": "DO NOT USE",
                "is_main": true,
                "alt_text": "DO NOT USE",
                "dominant_color": "#E66163",
                "width": 454,
                "height": 278,
                "aspect_ratio": 1.6330935
            }
        ],
        "shipping_weight_unit": "lb",
        "is_searchable": false,
        "is_available": false,
        "show_in_listing": false,
        "extended_attributes": [],
        "title": "DO NOT USE",
        "shipping_weight_value": 0.0,
        "tax_class_id": "",
        "categories": [],
        "shipping_dimension_height": 0.0,
        "description": "DO NOT USE",
        "brand": "",
        "material": "",
        "shipping_dimension_length": 0.0,
        "variation_color_value": "",
        "online_from": "2020-01-01T00:00:00Z",
        "online_to": "2020-01-01T00:00:01Z",
        "shipping_dimension_width": 0.0,
        "manufacturer": null,
        "shipping_dimension_unit": "cm",
        "external_identifiers": [
            {
                "type": "sku",
                "value": "DO_NOT_USE"
            }
        ],
        "variant_group_id": "DO_NOT_USE",
        "caption": "DO NOT USE",
        "variation_additional_1_value": "Custom",
        "variation_additional_1_name": "fit",
        "variation_size_value": "Custom"
    },
    {
        "product_id": "17792",
        "keywords": [],
        "images": [
            {
                "url": "https://res.cloudinary.com/db0zftggw/image/upload/q_auto:best,f_auto,h_200/v1682346470/p/faherty/49899fa4e36c0342739b8133c494ffab.jpg",
                "title": "DO NOT USE",
                "is_main": true,
                "alt_text": "DO NOT USE",
                "dominant_color": "#E66163",
                "width": 454,
                "height": 278,
                "aspect_ratio": 1.6330935
            }
        ],
        "shipping_weight_unit": "lb",
        "is_searchable": false,
        "is_available": false,
        "show_in_listing": false,
        "extended_attributes": [],
        "title": "DO NOT USE",
        "shipping_weight_value": 0.0,
        "tax_class_id": "",
        "categories": [],
        "shipping_dimension_height": 0.0,
        "description": "DO NOT USE",
        "brand": "",
        "material": "",
        "shipping_dimension_length": 0.0,
        "variation_color_value": "",
        "online_from": "2020-01-01T00:00:00Z",
        "online_to": "2020-01-01T00:00:01Z",
        "shipping_dimension_width": 0.0,
        "manufacturer": null,
        "shipping_dimension_unit": "cm",
        "external_identifiers": [
            {
                "type": "sku",
                "value": "DO_NOT_USE"
            }
        ],
        "variant_group_id": "DO_NOT_USE",
        "caption": "DO NOT USE",
        "variation_additional_1_value": "Custom",
        "variation_additional_1_name": "fit",
        "variation_size_value": "Custom"
    },
    {
        "product_id": "17793",
        "keywords": [],
        "images": [
            {
                "url": "https://res.cloudinary.com/db0zftggw/image/upload/q_auto:best,f_auto,h_200/v1682346470/p/faherty/49899fa4e36c0342739b8133c494ffab.jpg",
                "title": "DO NOT USE",
                "is_main": true,
                "alt_text": "DO NOT USE",
                "dominant_color": "#E66163",
                "width": 454,
                "height": 278,
                "aspect_ratio": 1.6330935
            }
        ],
        "shipping_weight_unit": "lb",
        "is_searchable": false,
        "is_available": false,
        "show_in_listing": false,
        "extended_attributes": [],
        "title": "DO NOT USE",
        "shipping_weight_value": 0.0,
        "tax_class_id": "",
        "categories": [],
        "shipping_dimension_height": 0.0,
        "description": "DO NOT USE",
        "brand": "",
        "material": "",
        "shipping_dimension_length": 0.0,
        "variation_color_value": "",
        "online_from": "2020-01-01T00:00:00Z",
        "online_to": "2020-01-01T00:00:01Z",
        "shipping_dimension_width": 0.0,
        "manufacturer": null,
        "shipping_dimension_unit": "cm",
        "external_identifiers": [
            {
                "type": "sku",
                "value": "DO_NOT_USE"
            }
        ],
        "variant_group_id": "DO_NOT_USE",
        "caption": "DO NOT USE",
        "variation_additional_1_value": "Custom",
        "variation_additional_1_name": "fit",
        "variation_size_value": "Custom"
    },
    {
        "product_id": "17794",
        "keywords": [],
        "images": [
            {
                "url": "https://res.cloudinary.com/db0zftggw/image/upload/q_auto:best,f_auto,h_200/v1682346470/p/faherty/49899fa4e36c0342739b8133c494ffab.jpg",
                "title": "DO NOT USE",
                "is_main": true,
                "alt_text": "DO NOT USE",
                "dominant_color": "#E66163",
                "width": 454,
                "height": 278,
                "aspect_ratio": 1.6330935
            }
        ],
        "shipping_weight_unit": "lb",
        "is_searchable": false,
        "is_available": false,
        "show_in_listing": false,
        "extended_attributes": [],
        "title": "DO NOT USE",
        "shipping_weight_value": 0.0,
        "tax_class_id": "",
        "categories": [],
        "shipping_dimension_height": 0.0,
        "description": "DO NOT USE",
        "brand": "",
        "material": "",
        "shipping_dimension_length": 0.0,
        "variation_color_value": "",
        "online_from": "2020-01-01T00:00:00Z",
        "online_to": "2020-01-01T00:00:01Z",
        "shipping_dimension_width": 0.0,
        "manufacturer": null,
        "shipping_dimension_unit": "cm",
        "external_identifiers": [
            {
                "type": "sku",
                "value": "DO_NOT_USE"
            }
        ],
        "variant_group_id": "DO_NOT_USE",
        "caption": "DO NOT USE",
        "variation_additional_1_value": "Custom",
        "variation_additional_1_name": "fit",
        "variation_size_value": "Custom"
    },
    {
        "product_id": "17795",
        "keywords": [],
        "images": [
            {
                "url": "https://res.cloudinary.com/db0zftggw/image/upload/q_auto:best,f_auto,h_200/v1682346470/p/faherty/49899fa4e36c0342739b8133c494ffab.jpg",
                "title": "DO NOT USE",
                "is_main": true,
                "alt_text": "DO NOT USE",
                "dominant_color": "#E66163",
                "width": 454,
                "height": 278,
                "aspect_ratio": 1.6330935
            }
        ],
        "shipping_weight_unit": "lb",
        "is_searchable": false,
        "is_available": false,
        "show_in_listing": false,
        "extended_attributes": [],
        "title": "DO NOT USE",
        "shipping_weight_value": 0.0,
        "tax_class_id": "",
        "categories": [],
        "shipping_dimension_height": 0.0,
        "description": "DO NOT USE",
        "brand": "",
        "material": "",
        "shipping_dimension_length": 0.0,
        "variation_color_value": "",
        "online_from": "2020-01-01T00:00:00Z",
        "online_to": "2020-01-01T00:00:01Z",
        "shipping_dimension_width": 0.0,
        "manufacturer": null,
        "shipping_dimension_unit": "cm",
        "external_identifiers": [
            {
                "type": "sku",
                "value": "DO_NOT_USE"
            }
        ],
        "variant_group_id": "DO_NOT_USE",
        "caption": "DO NOT USE",
        "variation_additional_1_value": "Custom",
        "variation_additional_1_name": "fit",
        "variation_size_value": "Custom"
    },
    {
        "product_id": "17796",
        "keywords": [],
        "images": [
            {
                "url": "https://res.cloudinary.com/db0zftggw/image/upload/q_auto:best,f_auto,h_200/v1682346470/p/faherty/49899fa4e36c0342739b8133c494ffab.jpg",
                "title": "DO NOT USE",
                "is_main": true,
                "alt_text": "DO NOT USE",
                "dominant_color": "#E66163",
                "width": 454,
                "height": 278,
                "aspect_ratio": 1.6330935
            }
        ],
        "shipping_weight_unit": "lb",
        "is_searchable": false,
        "is_available": false,
        "show_in_listing": false,
        "extended_attributes": [],
        "title": "DO NOT USE",
        "shipping_weight_value": 0.0,
        "tax_class_id": "",
        "categories": [],
        "shipping_dimension_height": 0.0,
        "description": "DO NOT USE",
        "brand": "",
        "material": "",
        "shipping_dimension_length": 0.0,
        "variation_color_value": "",
        "online_from": "2020-01-01T00:00:00Z",
        "online_to": "2020-01-01T00:00:01Z",
        "shipping_dimension_width": 0.0,
        "manufacturer": null,
        "shipping_dimension_unit": "cm",
        "external_identifiers": [
            {
                "type": "sku",
                "value": "DO_NOT_USE"
            }
        ],
        "variant_group_id": "DO_NOT_USE",
        "caption": "DO NOT USE",
        "variation_additional_1_value": "Custom",
        "variation_additional_1_name": "fit",
        "variation_size_value": "Custom"
    },
    {
        "product_id": "17797",
        "keywords": [],
        "images": [
            {
                "url": "https://res.cloudinary.com/db0zftggw/image/upload/q_auto:best,f_auto,h_200/v1682346470/p/faherty/49899fa4e36c0342739b8133c494ffab.jpg",
                "title": "DO NOT USE",
                "is_main": true,
                "alt_text": "DO NOT USE",
                "dominant_color": "#E66163",
                "width": 454,
                "height": 278,
                "aspect_ratio": 1.6330935
            }
        ],
        "shipping_weight_unit": "lb",
        "is_searchable": false,
        "is_available": false,
        "show_in_listing": false,
        "extended_attributes": [],
        "title": "DO NOT USE",
        "shipping_weight_value": 0.0,
        "tax_class_id": "",
        "categories": [],
        "shipping_dimension_height": 0.0,
        "description": "DO NOT USE",
        "brand": "",
        "material": "",
        "shipping_dimension_length": 0.0,
        "variation_color_value": "",
        "online_from": "2020-01-01T00:00:00Z",
        "online_to": "2020-01-01T00:00:01Z",
        "shipping_dimension_width": 0.0,
        "manufacturer": null,
        "shipping_dimension_unit": "cm",
        "external_identifiers": [
            {
                "type": "sku",
                "value": "DO_NOT_USE"
            }
        ],
        "variant_group_id": "DO_NOT_USE",
        "caption": "DO NOT USE",
        "variation_additional_1_value": "Custom",
        "variation_additional_1_name": "fit",
        "variation_size_value": "Custom"
    },
    {
        "product_id": "21889",
        "keywords": [],
        "images": [
            {
                "url": "https://res.cloudinary.com/db0zftggw/image/upload/q_auto:best,f_auto,h_200/v1682346470/p/faherty/49899fa4e36c0342739b8133c494ffab.jpg",
                "title": "DO NOT USE",
                "is_main": true,
                "alt_text": "DO NOT USE",
                "dominant_color": "#E66163",
                "width": 454,
                "height": 278,
                "aspect_ratio": 1.6330935
            }
        ],
        "shipping_weight_unit": "lb",
        "is_searchable": false,
        "is_available": false,
        "show_in_listing": false,
        "extended_attributes": [],
        "title": "DO NOT USE",
        "shipping_weight_value": 0.0,
        "tax_class_id": "",
        "categories": [],
        "shipping_dimension_height": 0.0,
        "description": "DO NOT USE",
        "brand": "",
        "material": "",
        "shipping_dimension_length": 0.0,
        "variation_color_value": "",
        "online_from": "2020-01-01T00:00:00Z",
        "online_to": "2020-01-01T00:00:01Z",
        "shipping_dimension_width": 0.0,
        "manufacturer": null,
        "shipping_dimension_unit": "cm",
        "external_identifiers": [
            {
                "type": "sku",
                "value": "DO_NOT_USE"
            }
        ],
        "variant_group_id": "DO_NOT_USE",
        "caption": "DO NOT USE",
        "variation_additional_1_value": "Custom",
        "variation_additional_1_name": "fit",
        "variation_size_value": "Custom"
    },
    {
        "product_id": "038097005806",
        "keywords": [],
        "images": [
            {
                "url": "https://res.cloudinary.com/db0zftggw/image/upload/q_auto:best,f_auto,h_200/v1682346470/p/faherty/49899fa4e36c0342739b8133c494ffab.jpg",
                "title": "DO NOT USE",
                "is_main": true,
                "alt_text": "DO NOT USE",
                "dominant_color": "#E66163",
                "width": 454,
                "height": 278,
                "aspect_ratio": 1.6330935
            }
        ],
        "shipping_weight_unit": "lb",
        "is_searchable": false,
        "is_available": false,
        "show_in_listing": false,
        "extended_attributes": [],
        "title": "DO NOT USE",
        "shipping_weight_value": 0.0,
        "tax_class_id": "",
        "categories": [],
        "shipping_dimension_height": 0.0,
        "description": "DO NOT USE",
        "brand": "",
        "material": "",
        "shipping_dimension_length": 0.0,
        "variation_color_value": "",
        "online_from": "2020-01-01T00:00:00Z",
        "online_to": "2020-01-01T00:00:01Z",
        "shipping_dimension_width": 0.0,
        "manufacturer": null,
        "shipping_dimension_unit": "cm",
        "external_identifiers": [
            {
                "type": "sku",
                "value": "DO_NOT_USE"
            }
        ],
        "variant_group_id": "DO_NOT_USE",
        "caption": "DO NOT USE",
        "variation_additional_1_value": "Custom",
        "variation_additional_1_name": "fit",
        "variation_size_value": "Custom"
    },
    {
        "product_id": "038097013870",
        "keywords": [],
        "images": [
            {
                "url": "https://res.cloudinary.com/db0zftggw/image/upload/q_auto:best,f_auto,h_200/v1682346470/p/faherty/49899fa4e36c0342739b8133c494ffab.jpg",
                "title": "DO NOT USE",
                "is_main": true,
                "alt_text": "DO NOT USE",
                "dominant_color": "#E66163",
                "width": 454,
                "height": 278,
                "aspect_ratio": 1.6330935
            }
        ],
        "shipping_weight_unit": "lb",
        "is_searchable": false,
        "is_available": false,
        "show_in_listing": false,
        "extended_attributes": [],
        "title": "DO NOT USE",
        "shipping_weight_value": 0.0,
        "tax_class_id": "",
        "categories": [],
        "shipping_dimension_height": 0.0,
        "description": "DO NOT USE",
        "brand": "",
        "material": "",
        "shipping_dimension_length": 0.0,
        "variation_color_value": "",
        "online_from": "2020-01-01T00:00:00Z",
        "online_to": "2020-01-01T00:00:01Z",
        "shipping_dimension_width": 0.0,
        "manufacturer": null,
        "shipping_dimension_unit": "cm",
        "external_identifiers": [
            {
                "type": "sku",
                "value": "DO_NOT_USE"
            }
        ],
        "variant_group_id": "DO_NOT_USE",
        "caption": "DO NOT USE",
        "variation_additional_1_value": "Custom",
        "variation_additional_1_name": "fit",
        "variation_size_value": "Custom"
    }
]