{
    "head": {
        "store_mapping": [
            {
                "store_id": "0014",
                "fulfillment_node_id": "0014"
            }
        ],
        "mode": "atp"
    },
    "items": [
        {
            "product_id": "8809685795810",
            "quantity": 0,
            "fulfillment_node_id": "0014"
        },
        {
            "product_id": "716170323282",
            "quantity": 0,
            "fulfillment_node_id": "0014"
        },
        {
            "product_id": "716170323299",
            "quantity": 0,
            "fulfillment_node_id": "0014"
        },
        {
            "product_id": "716170258942",
            "quantity": 0,
            "fulfillment_node_id": "0014"
        },
        {
            "product_id": "3700431443281",
            "quantity": 0,
            "fulfillment_node_id": "0014"
        },
        {
            "product_id": "4015165326038",
            "quantity": 0,
            "fulfillment_node_id": "0014"
        },
        {
            "product_id": "856213004010",
            "quantity": 0,
            "fulfillment_node_id": "0014"
        },
        {
            "product_id": "840732124243",
            "quantity": 0,
            "fulfillment_node_id": "0014"
        },
        {
            "product_id": "5999556680949",
            "quantity": 0,
            "fulfillment_node_id": "0014"
        },
        {
            "product_id": "3700578502605",
            "quantity": 0,
            "fulfillment_node_id": "0014"
        },
        {
            "product_id": "3700578504852",
            "quantity": 0,
            "fulfillment_node_id": "0014"
        },
        {
            "product_id": "24932400530",
            "quantity": 0,
            "fulfillment_node_id": "0014"
        },
        {
            "product_id": "791222903407",
            "quantity": 0,
            "fulfillment_node_id": "0014"
        },
        {
            "product_id": "791222903971",
            "quantity": 0,
            "fulfillment_node_id": "0014"
        },
        {
            "product_id": "791222903988",
            "quantity": 0,
            "fulfillment_node_id": "0014"
        },
        {
            "product_id": "791222903995",
            "quantity": 0,
            "fulfillment_node_id": "0014"
        },
        {
            "product_id": "791222911075",
            "quantity": 0,
            "fulfillment_node_id": "0014"
        },
        {
            "product_id": "791222911150",
            "quantity": 0,
            "fulfillment_node_id": "0014"
        },
        {
            "product_id": "791222911280",
            "quantity": 0,
            "fulfillment_node_id": "0014"
        },
        {
            "product_id": "791222917039",
            "quantity": 0,
            "fulfillment_node_id": "0014"
        },
        {
            "product_id": "791222917091",
            "quantity": 0,
            "fulfillment_node_id": "0014"
        },
        {
            "product_id": "791222917152",
            "quantity": 0,
            "fulfillment_node_id": "0014"
        },
        {
            "product_id": "791222917213",
            "quantity": 0,
            "fulfillment_node_id": "0014"
        },
        {
            "product_id": "791222919064",
            "quantity": 0,
            "fulfillment_node_id": "0014"
        },
        {
            "product_id": "791222919309",
            "quantity": 0,
            "fulfillment_node_id": "0014"
        },
        {
            "product_id": "791222927830",
            "quantity": 0,
            "fulfillment_node_id": "0014"
        },
        {
            "product_id": "791222927878",
            "quantity": 0,
            "fulfillment_node_id": "0014"
        },
        {
            "product_id": "791222927915",
            "quantity": 0,
            "fulfillment_node_id": "0014"
        },
        {
            "product_id": "791222927991",
            "quantity": 0,
            "fulfillment_node_id": "0014"
        },
        {
            "product_id": "791222929919",
            "quantity": 0,
            "fulfillment_node_id": "0014"
        },
        {
            "product_id": "791222931653",
            "quantity": 0,
            "fulfillment_node_id": "0014"
        },
        {
            "product_id": "791222931714",
            "quantity": 0,
            "fulfillment_node_id": "0014"
        },
        {
            "product_id": "791222962893",
            "quantity": 0,
            "fulfillment_node_id": "0014"
        },
        {
            "product_id": "791222941058",
            "quantity": 0,
            "fulfillment_node_id": "0014"
        },
        {
            "product_id": "791222941119",
            "quantity": 0,
            "fulfillment_node_id": "0014"
        },
        {
            "product_id": "791222941232",
            "quantity": 0,
            "fulfillment_node_id": "0014"
        },
        {
            "product_id": "791222941294",
            "quantity": 0,
            "fulfillment_node_id": "0014"
        },
        {
            "product_id": "791222941379",
            "quantity": 0,
            "fulfillment_node_id": "0014"
        },
        {
            "product_id": "791222941577",
            "quantity": 0,
            "fulfillment_node_id": "0014"
        },
        {
            "product_id": "791222941690",
            "quantity": 0,
            "fulfillment_node_id": "0014"
        },
        {
            "product_id": "791222942505",
            "quantity": 0,
            "fulfillment_node_id": "0014"
        },
        {
            "product_id": "791222943328",
            "quantity": 0,
            "fulfillment_node_id": "0014"
        },
        {
            "product_id": "791222952405",
            "quantity": 0,
            "fulfillment_node_id": "0014"
        },
        {
            "product_id": "791222952412",
            "quantity": 0,
            "fulfillment_node_id": "0014"
        },
        {
            "product_id": "791222952658",
            "quantity": 0,
            "fulfillment_node_id": "0014"
        },
        {
            "product_id": "791222952764",
            "quantity": 0,
            "fulfillment_node_id": "0014"
        },
        {
            "product_id": "791222952795",
            "quantity": 0,
            "fulfillment_node_id": "0014"
        },
        {
            "product_id": "791222953686",
            "quantity": 0,
            "fulfillment_node_id": "0014"
        },
        {
            "product_id": "791222955383",
            "quantity": 0,
            "fulfillment_node_id": "0014"
        },
        {
            "product_id": "791222955468",
            "quantity": 0,
            "fulfillment_node_id": "0014"
        },
        {
            "product_id": "791222955697",
            "quantity": 0,
            "fulfillment_node_id": "0014"
        },
        {
            "product_id": "791222959435",
            "quantity": 0,
            "fulfillment_node_id": "0014"
        },
        {
            "product_id": "791222959442",
            "quantity": 0,
            "fulfillment_node_id": "0014"
        },
        {
            "product_id": "791222959602",
            "quantity": 0,
            "fulfillment_node_id": "0014"
        },
        {
            "product_id": "791222963050",
            "quantity": 0,
            "fulfillment_node_id": "0014"
        },
        {
            "product_id": "791222963067",
            "quantity": 0,
            "fulfillment_node_id": "0014"
        },
        {
            "product_id": "791222971017",
            "quantity": 0,
            "fulfillment_node_id": "0014"
        },
        {
            "product_id": "791222990124",
            "quantity": 0,
            "fulfillment_node_id": "0014"
        },
        {
            "product_id": "791222990261",
            "quantity": 0,
            "fulfillment_node_id": "0014"
        },
        {
            "product_id": "791222954300",
            "quantity": 0,
            "fulfillment_node_id": "0014"
        },
        {
            "product_id": "791222954317",
            "quantity": 0,
            "fulfillment_node_id": "0014"
        },
        {
            "product_id": "8436002991398",
            "quantity": 0,
            "fulfillment_node_id": "0014"
        },
        {
            "product_id": "656509014019",
            "quantity": 0,
            "fulfillment_node_id": "0014"
        },
        {
            "product_id": "656509014033",
            "quantity": 0,
            "fulfillment_node_id": "0014"
        },
        {
            "product_id": "656509014040",
            "quantity": 0,
            "fulfillment_node_id": "0014"
        },
        {
            "product_id": "656509014057",
            "quantity": 0,
            "fulfillment_node_id": "0014"
        },
        {
            "product_id": "656509014064",
            "quantity": 0,
            "fulfillment_node_id": "0014"
        },
        {
            "product_id": "656509014071",
            "quantity": 0,
            "fulfillment_node_id": "0014"
        },
        {
            "product_id": "656509014088",
            "quantity": 0,
            "fulfillment_node_id": "0014"
        },
        {
            "product_id": "656509014095",
            "quantity": 0,
            "fulfillment_node_id": "0014"
        },
        {
            "product_id": "840035209937",
            "quantity": 0,
            "fulfillment_node_id": "0014"
        },
        {
            "product_id": "3473311590206",
            "quantity": 0,
            "fulfillment_node_id": "0014"
        },
        {
            "product_id": "813269021705",
            "quantity": 0,
            "fulfillment_node_id": "0014"
        },
        {
            "product_id": "3473311510129",
            "quantity": 0,
            "fulfillment_node_id": "0014"
        },
        {
            "product_id": "810374027400",
            "quantity": 0,
            "fulfillment_node_id": "0014"
        },
        {
            "product_id": "3700578502445",
            "quantity": 0,
            "fulfillment_node_id": "0014"
        },
        {
            "product_id": "840035220536",
            "quantity": 0,
            "fulfillment_node_id": "0014"
        },
        {
            "product_id": "GIFT8",
            "quantity": 0,
            "fulfillment_node_id": "0014"
        },
        {
            "product_id": "990004500128",
            "quantity": 0,
            "fulfillment_node_id": "0014"
        },
        {
            "product_id": "990004502344",
            "quantity": 0,
            "fulfillment_node_id": "0014"
        },
        {
            "product_id": "990004500043",
            "quantity": 0,
            "fulfillment_node_id": "0014"
        },
        {
            "product_id": "990004500036",
            "quantity": 0,
            "fulfillment_node_id": "0014"
        },
        {
            "product_id": "990004500166",
            "quantity": 0,
            "fulfillment_node_id": "0014"
        },
        {
            "product_id": "990004501569",
            "quantity": 0,
            "fulfillment_node_id": "0014"
        },
        {
            "product_id": "990004502368",
            "quantity": 0,
            "fulfillment_node_id": "0014"
        },
        {
            "product_id": "990004500029",
            "quantity": 0,
            "fulfillment_node_id": "0014"
        },
        {
            "product_id": "990004500074",
            "quantity": 0,
            "fulfillment_node_id": "0014"
        },
        {
            "product_id": "990004500067",
            "quantity": 0,
            "fulfillment_node_id": "0014"
        },
        {
            "product_id": "990004500081",
            "quantity": 0,
            "fulfillment_node_id": "0014"
        },
        {
            "product_id": "990004501514",
            "quantity": 0,
            "fulfillment_node_id": "0014"
        },
        {
            "product_id": "990004500135",
            "quantity": 0,
            "fulfillment_node_id": "0014"
        },
        {
            "product_id": "990004500098",
            "quantity": 0,
            "fulfillment_node_id": "0014"
        }
    ]
}