{
    "head": {
        "locale": "en-US",
        "catalog": "storefront-catalog-en",
        "is_master": true
    },
    "items": [
        {
            "product_id": "850001628792",
            "keywords": [],
            "images": [
                {
                    "url": "https://res.cloudinary.com/db0zftggw/image/upload/q_auto:best,f_auto,h_200/v1682346470/p/faherty/49899fa4e36c0342739b8133c494ffab.jpg",
                    "title": "DO NOT USE",
                    "is_main": true,
                    "alt_text": "DO NOT USE",
                    "dominant_color": "#E66163",
                    "width": 454,
                    "height": 278,
                    "aspect_ratio": 1.6330935
                }
            ],
            "shipping_weight_unit": "lb",
            "is_searchable": false,
            "is_available": false,
            "show_in_listing": false,
            "extended_attributes": [],
            "title": "DO NOT USE",
            "shipping_weight_value": 0.0,
            "tax_class_id": "",
            "categories": [],
            "shipping_dimension_height": 0.0,
            "description": "DO NOT USE",
            "brand": "",
            "material": "",
            "shipping_dimension_length": 0.0,
            "variation_color_value": "",
            "online_from": "2020-01-01T00:00:00Z",
            "online_to": "2020-01-01T00:00:01Z",
            "shipping_dimension_width": 0.0,
            "manufacturer": null,
            "shipping_dimension_unit": "cm",
            "external_identifiers": [
                {
                    "type": "sku",
                    "value": "DO_NOT_USE"
                }
            ],
            "variant_group_id": "DO_NOT_USE",
            "caption": "DO NOT USE",
            "variation_additional_1_value": "Custom",
            "variation_additional_1_name": "fit",
            "variation_size_value": "Custom"
        },
        {
            "product_id": "850001628808",
            "keywords": [],
            "images": [
                {
                    "url": "https://res.cloudinary.com/db0zftggw/image/upload/q_auto:best,f_auto,h_200/v1682346470/p/faherty/49899fa4e36c0342739b8133c494ffab.jpg",
                    "title": "DO NOT USE",
                    "is_main": true,
                    "alt_text": "DO NOT USE",
                    "dominant_color": "#E66163",
                    "width": 454,
                    "height": 278,
                    "aspect_ratio": 1.6330935
                }
            ],
            "shipping_weight_unit": "lb",
            "is_searchable": false,
            "is_available": false,
            "show_in_listing": false,
            "extended_attributes": [],
            "title": "DO NOT USE",
            "shipping_weight_value": 0.0,
            "tax_class_id": "",
            "categories": [],
            "shipping_dimension_height": 0.0,
            "description": "DO NOT USE",
            "brand": "",
            "material": "",
            "shipping_dimension_length": 0.0,
            "variation_color_value": "",
            "online_from": "2020-01-01T00:00:00Z",
            "online_to": "2020-01-01T00:00:01Z",
            "shipping_dimension_width": 0.0,
            "manufacturer": null,
            "shipping_dimension_unit": "cm",
            "external_identifiers": [
                {
                    "type": "sku",
                    "value": "DO_NOT_USE"
                }
            ],
            "variant_group_id": "DO_NOT_USE",
            "caption": "DO NOT USE",
            "variation_additional_1_value": "Custom",
            "variation_additional_1_name": "fit",
            "variation_size_value": "Custom"
        },
        {
            "product_id": "850044078288",
            "keywords": [],
            "images": [
                {
                    "url": "https://res.cloudinary.com/db0zftggw/image/upload/q_auto:best,f_auto,h_200/v1682346470/p/faherty/49899fa4e36c0342739b8133c494ffab.jpg",
                    "title": "DO NOT USE",
                    "is_main": true,
                    "alt_text": "DO NOT USE",
                    "dominant_color": "#E66163",
                    "width": 454,
                    "height": 278,
                    "aspect_ratio": 1.6330935
                }
            ],
            "shipping_weight_unit": "lb",
            "is_searchable": false,
            "is_available": false,
            "show_in_listing": false,
            "extended_attributes": [],
            "title": "DO NOT USE",
            "shipping_weight_value": 0.0,
            "tax_class_id": "",
            "categories": [],
            "shipping_dimension_height": 0.0,
            "description": "DO NOT USE",
            "brand": "",
            "material": "",
            "shipping_dimension_length": 0.0,
            "variation_color_value": "",
            "online_from": "2020-01-01T00:00:00Z",
            "online_to": "2020-01-01T00:00:01Z",
            "shipping_dimension_width": 0.0,
            "manufacturer": null,
            "shipping_dimension_unit": "cm",
            "external_identifiers": [
                {
                    "type": "sku",
                    "value": "DO_NOT_USE"
                }
            ],
            "variant_group_id": "DO_NOT_USE",
            "caption": "DO NOT USE",
            "variation_additional_1_value": "Custom",
            "variation_additional_1_name": "fit",
            "variation_size_value": "Custom"
        },
        {
            "product_id": "850044078295",
            "keywords": [],
            "images": [
                {
                    "url": "https://res.cloudinary.com/db0zftggw/image/upload/q_auto:best,f_auto,h_200/v1682346470/p/faherty/49899fa4e36c0342739b8133c494ffab.jpg",
                    "title": "DO NOT USE",
                    "is_main": true,
                    "alt_text": "DO NOT USE",
                    "dominant_color": "#E66163",
                    "width": 454,
                    "height": 278,
                    "aspect_ratio": 1.6330935
                }
            ],
            "shipping_weight_unit": "lb",
            "is_searchable": false,
            "is_available": false,
            "show_in_listing": false,
            "extended_attributes": [],
            "title": "DO NOT USE",
            "shipping_weight_value": 0.0,
            "tax_class_id": "",
            "categories": [],
            "shipping_dimension_height": 0.0,
            "description": "DO NOT USE",
            "brand": "",
            "material": "",
            "shipping_dimension_length": 0.0,
            "variation_color_value": "",
            "online_from": "2020-01-01T00:00:00Z",
            "online_to": "2020-01-01T00:00:01Z",
            "shipping_dimension_width": 0.0,
            "manufacturer": null,
            "shipping_dimension_unit": "cm",
            "external_identifiers": [
                {
                    "type": "sku",
                    "value": "DO_NOT_USE"
                }
            ],
            "variant_group_id": "DO_NOT_USE",
            "caption": "DO NOT USE",
            "variation_additional_1_value": "Custom",
            "variation_additional_1_name": "fit",
            "variation_size_value": "Custom"
        },
        {
            "product_id": "850001628495",
            "keywords": [],
            "images": [
                {
                    "url": "https://res.cloudinary.com/db0zftggw/image/upload/q_auto:best,f_auto,h_200/v1682346470/p/faherty/49899fa4e36c0342739b8133c494ffab.jpg",
                    "title": "DO NOT USE",
                    "is_main": true,
                    "alt_text": "DO NOT USE",
                    "dominant_color": "#E66163",
                    "width": 454,
                    "height": 278,
                    "aspect_ratio": 1.6330935
                }
            ],
            "shipping_weight_unit": "lb",
            "is_searchable": false,
            "is_available": false,
            "show_in_listing": false,
            "extended_attributes": [],
            "title": "DO NOT USE",
            "shipping_weight_value": 0.0,
            "tax_class_id": "",
            "categories": [],
            "shipping_dimension_height": 0.0,
            "description": "DO NOT USE",
            "brand": "",
            "material": "",
            "shipping_dimension_length": 0.0,
            "variation_color_value": "",
            "online_from": "2020-01-01T00:00:00Z",
            "online_to": "2020-01-01T00:00:01Z",
            "shipping_dimension_width": 0.0,
            "manufacturer": null,
            "shipping_dimension_unit": "cm",
            "external_identifiers": [
                {
                    "type": "sku",
                    "value": "DO_NOT_USE"
                }
            ],
            "variant_group_id": "DO_NOT_USE",
            "caption": "DO NOT USE",
            "variation_additional_1_value": "Custom",
            "variation_additional_1_name": "fit",
            "variation_size_value": "Custom"
        },
        {
            "product_id": "850001628501",
            "keywords": [],
            "images": [
                {
                    "url": "https://res.cloudinary.com/db0zftggw/image/upload/q_auto:best,f_auto,h_200/v1682346470/p/faherty/49899fa4e36c0342739b8133c494ffab.jpg",
                    "title": "DO NOT USE",
                    "is_main": true,
                    "alt_text": "DO NOT USE",
                    "dominant_color": "#E66163",
                    "width": 454,
                    "height": 278,
                    "aspect_ratio": 1.6330935
                }
            ],
            "shipping_weight_unit": "lb",
            "is_searchable": false,
            "is_available": false,
            "show_in_listing": false,
            "extended_attributes": [],
            "title": "DO NOT USE",
            "shipping_weight_value": 0.0,
            "tax_class_id": "",
            "categories": [],
            "shipping_dimension_height": 0.0,
            "description": "DO NOT USE",
            "brand": "",
            "material": "",
            "shipping_dimension_length": 0.0,
            "variation_color_value": "",
            "online_from": "2020-01-01T00:00:00Z",
            "online_to": "2020-01-01T00:00:01Z",
            "shipping_dimension_width": 0.0,
            "manufacturer": null,
            "shipping_dimension_unit": "cm",
            "external_identifiers": [
                {
                    "type": "sku",
                    "value": "DO_NOT_USE"
                }
            ],
            "variant_group_id": "DO_NOT_USE",
            "caption": "DO NOT USE",
            "variation_additional_1_value": "Custom",
            "variation_additional_1_name": "fit",
            "variation_size_value": "Custom"
        },
        {
            "product_id": "850001628525",
            "keywords": [],
            "images": [
                {
                    "url": "https://res.cloudinary.com/db0zftggw/image/upload/q_auto:best,f_auto,h_200/v1682346470/p/faherty/49899fa4e36c0342739b8133c494ffab.jpg",
                    "title": "DO NOT USE",
                    "is_main": true,
                    "alt_text": "DO NOT USE",
                    "dominant_color": "#E66163",
                    "width": 454,
                    "height": 278,
                    "aspect_ratio": 1.6330935
                }
            ],
            "shipping_weight_unit": "lb",
            "is_searchable": false,
            "is_available": false,
            "show_in_listing": false,
            "extended_attributes": [],
            "title": "DO NOT USE",
            "shipping_weight_value": 0.0,
            "tax_class_id": "",
            "categories": [],
            "shipping_dimension_height": 0.0,
            "description": "DO NOT USE",
            "brand": "",
            "material": "",
            "shipping_dimension_length": 0.0,
            "variation_color_value": "",
            "online_from": "2020-01-01T00:00:00Z",
            "online_to": "2020-01-01T00:00:01Z",
            "shipping_dimension_width": 0.0,
            "manufacturer": null,
            "shipping_dimension_unit": "cm",
            "external_identifiers": [
                {
                    "type": "sku",
                    "value": "DO_NOT_USE"
                }
            ],
            "variant_group_id": "DO_NOT_USE",
            "caption": "DO NOT USE",
            "variation_additional_1_value": "Custom",
            "variation_additional_1_name": "fit",
            "variation_size_value": "Custom"
        },
        {
            "product_id": "850001628785",
            "keywords": [],
            "images": [
                {
                    "url": "https://res.cloudinary.com/db0zftggw/image/upload/q_auto:best,f_auto,h_200/v1682346470/p/faherty/49899fa4e36c0342739b8133c494ffab.jpg",
                    "title": "DO NOT USE",
                    "is_main": true,
                    "alt_text": "DO NOT USE",
                    "dominant_color": "#E66163",
                    "width": 454,
                    "height": 278,
                    "aspect_ratio": 1.6330935
                }
            ],
            "shipping_weight_unit": "lb",
            "is_searchable": false,
            "is_available": false,
            "show_in_listing": false,
            "extended_attributes": [],
            "title": "DO NOT USE",
            "shipping_weight_value": 0.0,
            "tax_class_id": "",
            "categories": [],
            "shipping_dimension_height": 0.0,
            "description": "DO NOT USE",
            "brand": "",
            "material": "",
            "shipping_dimension_length": 0.0,
            "variation_color_value": "",
            "online_from": "2020-01-01T00:00:00Z",
            "online_to": "2020-01-01T00:00:01Z",
            "shipping_dimension_width": 0.0,
            "manufacturer": null,
            "shipping_dimension_unit": "cm",
            "external_identifiers": [
                {
                    "type": "sku",
                    "value": "DO_NOT_USE"
                }
            ],
            "variant_group_id": "DO_NOT_USE",
            "caption": "DO NOT USE",
            "variation_additional_1_value": "Custom",
            "variation_additional_1_name": "fit",
            "variation_size_value": "Custom"
        },
        {
            "product_id": "850044078271",
            "keywords": [],
            "images": [
                {
                    "url": "https://res.cloudinary.com/db0zftggw/image/upload/q_auto:best,f_auto,h_200/v1682346470/p/faherty/49899fa4e36c0342739b8133c494ffab.jpg",
                    "title": "DO NOT USE",
                    "is_main": true,
                    "alt_text": "DO NOT USE",
                    "dominant_color": "#E66163",
                    "width": 454,
                    "height": 278,
                    "aspect_ratio": 1.6330935
                }
            ],
            "shipping_weight_unit": "lb",
            "is_searchable": false,
            "is_available": false,
            "show_in_listing": false,
            "extended_attributes": [],
            "title": "DO NOT USE",
            "shipping_weight_value": 0.0,
            "tax_class_id": "",
            "categories": [],
            "shipping_dimension_height": 0.0,
            "description": "DO NOT USE",
            "brand": "",
            "material": "",
            "shipping_dimension_length": 0.0,
            "variation_color_value": "",
            "online_from": "2020-01-01T00:00:00Z",
            "online_to": "2020-01-01T00:00:01Z",
            "shipping_dimension_width": 0.0,
            "manufacturer": null,
            "shipping_dimension_unit": "cm",
            "external_identifiers": [
                {
                    "type": "sku",
                    "value": "DO_NOT_USE"
                }
            ],
            "variant_group_id": "DO_NOT_USE",
            "caption": "DO NOT USE",
            "variation_additional_1_value": "Custom",
            "variation_additional_1_name": "fit",
            "variation_size_value": "Custom"
        },
        {
            "product_id": "3701415901421",
            "keywords": [],
            "images": [
                {
                    "url": "https://res.cloudinary.com/db0zftggw/image/upload/q_auto:best,f_auto,h_200/v1682346470/p/faherty/49899fa4e36c0342739b8133c494ffab.jpg",
                    "title": "DO NOT USE",
                    "is_main": true,
                    "alt_text": "DO NOT USE",
                    "dominant_color": "#E66163",
                    "width": 454,
                    "height": 278,
                    "aspect_ratio": 1.6330935
                }
            ],
            "shipping_weight_unit": "lb",
            "is_searchable": false,
            "is_available": false,
            "show_in_listing": false,
            "extended_attributes": [],
            "title": "DO NOT USE",
            "shipping_weight_value": 0.0,
            "tax_class_id": "",
            "categories": [],
            "shipping_dimension_height": 0.0,
            "description": "DO NOT USE",
            "brand": "",
            "material": "",
            "shipping_dimension_length": 0.0,
            "variation_color_value": "",
            "online_from": "2020-01-01T00:00:00Z",
            "online_to": "2020-01-01T00:00:01Z",
            "shipping_dimension_width": 0.0,
            "manufacturer": null,
            "shipping_dimension_unit": "cm",
            "external_identifiers": [
                {
                    "type": "sku",
                    "value": "DO_NOT_USE"
                }
            ],
            "variant_group_id": "DO_NOT_USE",
            "caption": "DO NOT USE",
            "variation_additional_1_value": "Custom",
            "variation_additional_1_name": "fit",
            "variation_size_value": "Custom"
        },
        {
            "product_id": "3701415901445",
            "keywords": [],
            "images": [
                {
                    "url": "https://res.cloudinary.com/db0zftggw/image/upload/q_auto:best,f_auto,h_200/v1682346470/p/faherty/49899fa4e36c0342739b8133c494ffab.jpg",
                    "title": "DO NOT USE",
                    "is_main": true,
                    "alt_text": "DO NOT USE",
                    "dominant_color": "#E66163",
                    "width": 454,
                    "height": 278,
                    "aspect_ratio": 1.6330935
                }
            ],
            "shipping_weight_unit": "lb",
            "is_searchable": false,
            "is_available": false,
            "show_in_listing": false,
            "extended_attributes": [],
            "title": "DO NOT USE",
            "shipping_weight_value": 0.0,
            "tax_class_id": "",
            "categories": [],
            "shipping_dimension_height": 0.0,
            "description": "DO NOT USE",
            "brand": "",
            "material": "",
            "shipping_dimension_length": 0.0,
            "variation_color_value": "",
            "online_from": "2020-01-01T00:00:00Z",
            "online_to": "2020-01-01T00:00:01Z",
            "shipping_dimension_width": 0.0,
            "manufacturer": null,
            "shipping_dimension_unit": "cm",
            "external_identifiers": [
                {
                    "type": "sku",
                    "value": "DO_NOT_USE"
                }
            ],
            "variant_group_id": "DO_NOT_USE",
            "caption": "DO NOT USE",
            "variation_additional_1_value": "Custom",
            "variation_additional_1_name": "fit",
            "variation_size_value": "Custom"
        },
        {
            "product_id": "3701415901391",
            "keywords": [],
            "images": [
                {
                    "url": "https://res.cloudinary.com/db0zftggw/image/upload/q_auto:best,f_auto,h_200/v1682346470/p/faherty/49899fa4e36c0342739b8133c494ffab.jpg",
                    "title": "DO NOT USE",
                    "is_main": true,
                    "alt_text": "DO NOT USE",
                    "dominant_color": "#E66163",
                    "width": 454,
                    "height": 278,
                    "aspect_ratio": 1.6330935
                }
            ],
            "shipping_weight_unit": "lb",
            "is_searchable": false,
            "is_available": false,
            "show_in_listing": false,
            "extended_attributes": [],
            "title": "DO NOT USE",
            "shipping_weight_value": 0.0,
            "tax_class_id": "",
            "categories": [],
            "shipping_dimension_height": 0.0,
            "description": "DO NOT USE",
            "brand": "",
            "material": "",
            "shipping_dimension_length": 0.0,
            "variation_color_value": "",
            "online_from": "2020-01-01T00:00:00Z",
            "online_to": "2020-01-01T00:00:01Z",
            "shipping_dimension_width": 0.0,
            "manufacturer": null,
            "shipping_dimension_unit": "cm",
            "external_identifiers": [
                {
                    "type": "sku",
                    "value": "DO_NOT_USE"
                }
            ],
            "variant_group_id": "DO_NOT_USE",
            "caption": "DO NOT USE",
            "variation_additional_1_value": "Custom",
            "variation_additional_1_name": "fit",
            "variation_size_value": "Custom"
        },
        {
            "product_id": "860003937501",
            "keywords": [],
            "images": [
                {
                    "url": "https://res.cloudinary.com/db0zftggw/image/upload/q_auto:best,f_auto,h_200/v1682346470/p/faherty/49899fa4e36c0342739b8133c494ffab.jpg",
                    "title": "DO NOT USE",
                    "is_main": true,
                    "alt_text": "DO NOT USE",
                    "dominant_color": "#E66163",
                    "width": 454,
                    "height": 278,
                    "aspect_ratio": 1.6330935
                }
            ],
            "shipping_weight_unit": "lb",
            "is_searchable": false,
            "is_available": false,
            "show_in_listing": false,
            "extended_attributes": [],
            "title": "DO NOT USE",
            "shipping_weight_value": 0.0,
            "tax_class_id": "",
            "categories": [],
            "shipping_dimension_height": 0.0,
            "description": "DO NOT USE",
            "brand": "",
            "material": "",
            "shipping_dimension_length": 0.0,
            "variation_color_value": "",
            "online_from": "2020-01-01T00:00:00Z",
            "online_to": "2020-01-01T00:00:01Z",
            "shipping_dimension_width": 0.0,
            "manufacturer": null,
            "shipping_dimension_unit": "cm",
            "external_identifiers": [
                {
                    "type": "sku",
                    "value": "DO_NOT_USE"
                }
            ],
            "variant_group_id": "DO_NOT_USE",
            "caption": "DO NOT USE",
            "variation_additional_1_value": "Custom",
            "variation_additional_1_name": "fit",
            "variation_size_value": "Custom"
        },
        {
            "product_id": "690251122172",
            "keywords": [],
            "images": [
                {
                    "url": "https://res.cloudinary.com/db0zftggw/image/upload/q_auto:best,f_auto,h_200/v1682346470/p/faherty/49899fa4e36c0342739b8133c494ffab.jpg",
                    "title": "DO NOT USE",
                    "is_main": true,
                    "alt_text": "DO NOT USE",
                    "dominant_color": "#E66163",
                    "width": 454,
                    "height": 278,
                    "aspect_ratio": 1.6330935
                }
            ],
            "shipping_weight_unit": "lb",
            "is_searchable": false,
            "is_available": false,
            "show_in_listing": false,
            "extended_attributes": [],
            "title": "DO NOT USE",
            "shipping_weight_value": 0.0,
            "tax_class_id": "",
            "categories": [],
            "shipping_dimension_height": 0.0,
            "description": "DO NOT USE",
            "brand": "",
            "material": "",
            "shipping_dimension_length": 0.0,
            "variation_color_value": "",
            "online_from": "2020-01-01T00:00:00Z",
            "online_to": "2020-01-01T00:00:01Z",
            "shipping_dimension_width": 0.0,
            "manufacturer": null,
            "shipping_dimension_unit": "cm",
            "external_identifiers": [
                {
                    "type": "sku",
                    "value": "DO_NOT_USE"
                }
            ],
            "variant_group_id": "DO_NOT_USE",
            "caption": "DO NOT USE",
            "variation_additional_1_value": "Custom",
            "variation_additional_1_name": "fit",
            "variation_size_value": "Custom"
        },
        {
            "product_id": "690251122196",
            "keywords": [],
            "images": [
                {
                    "url": "https://res.cloudinary.com/db0zftggw/image/upload/q_auto:best,f_auto,h_200/v1682346470/p/faherty/49899fa4e36c0342739b8133c494ffab.jpg",
                    "title": "DO NOT USE",
                    "is_main": true,
                    "alt_text": "DO NOT USE",
                    "dominant_color": "#E66163",
                    "width": 454,
                    "height": 278,
                    "aspect_ratio": 1.6330935
                }
            ],
            "shipping_weight_unit": "lb",
            "is_searchable": false,
            "is_available": false,
            "show_in_listing": false,
            "extended_attributes": [],
            "title": "DO NOT USE",
            "shipping_weight_value": 0.0,
            "tax_class_id": "",
            "categories": [],
            "shipping_dimension_height": 0.0,
            "description": "DO NOT USE",
            "brand": "",
            "material": "",
            "shipping_dimension_length": 0.0,
            "variation_color_value": "",
            "online_from": "2020-01-01T00:00:00Z",
            "online_to": "2020-01-01T00:00:01Z",
            "shipping_dimension_width": 0.0,
            "manufacturer": null,
            "shipping_dimension_unit": "cm",
            "external_identifiers": [
                {
                    "type": "sku",
                    "value": "DO_NOT_USE"
                }
            ],
            "variant_group_id": "DO_NOT_USE",
            "caption": "DO NOT USE",
            "variation_additional_1_value": "Custom",
            "variation_additional_1_name": "fit",
            "variation_size_value": "Custom"
        },
        {
            "product_id": "690251122219",
            "keywords": [],
            "images": [
                {
                    "url": "https://res.cloudinary.com/db0zftggw/image/upload/q_auto:best,f_auto,h_200/v1682346470/p/faherty/49899fa4e36c0342739b8133c494ffab.jpg",
                    "title": "DO NOT USE",
                    "is_main": true,
                    "alt_text": "DO NOT USE",
                    "dominant_color": "#E66163",
                    "width": 454,
                    "height": 278,
                    "aspect_ratio": 1.6330935
                }
            ],
            "shipping_weight_unit": "lb",
            "is_searchable": false,
            "is_available": false,
            "show_in_listing": false,
            "extended_attributes": [],
            "title": "DO NOT USE",
            "shipping_weight_value": 0.0,
            "tax_class_id": "",
            "categories": [],
            "shipping_dimension_height": 0.0,
            "description": "DO NOT USE",
            "brand": "",
            "material": "",
            "shipping_dimension_length": 0.0,
            "variation_color_value": "",
            "online_from": "2020-01-01T00:00:00Z",
            "online_to": "2020-01-01T00:00:01Z",
            "shipping_dimension_width": 0.0,
            "manufacturer": null,
            "shipping_dimension_unit": "cm",
            "external_identifiers": [
                {
                    "type": "sku",
                    "value": "DO_NOT_USE"
                }
            ],
            "variant_group_id": "DO_NOT_USE",
            "caption": "DO NOT USE",
            "variation_additional_1_value": "Custom",
            "variation_additional_1_name": "fit",
            "variation_size_value": "Custom"
        },
        {
            "product_id": "690251122240",
            "keywords": [],
            "images": [
                {
                    "url": "https://res.cloudinary.com/db0zftggw/image/upload/q_auto:best,f_auto,h_200/v1682346470/p/faherty/49899fa4e36c0342739b8133c494ffab.jpg",
                    "title": "DO NOT USE",
                    "is_main": true,
                    "alt_text": "DO NOT USE",
                    "dominant_color": "#E66163",
                    "width": 454,
                    "height": 278,
                    "aspect_ratio": 1.6330935
                }
            ],
            "shipping_weight_unit": "lb",
            "is_searchable": false,
            "is_available": false,
            "show_in_listing": false,
            "extended_attributes": [],
            "title": "DO NOT USE",
            "shipping_weight_value": 0.0,
            "tax_class_id": "",
            "categories": [],
            "shipping_dimension_height": 0.0,
            "description": "DO NOT USE",
            "brand": "",
            "material": "",
            "shipping_dimension_length": 0.0,
            "variation_color_value": "",
            "online_from": "2020-01-01T00:00:00Z",
            "online_to": "2020-01-01T00:00:01Z",
            "shipping_dimension_width": 0.0,
            "manufacturer": null,
            "shipping_dimension_unit": "cm",
            "external_identifiers": [
                {
                    "type": "sku",
                    "value": "DO_NOT_USE"
                }
            ],
            "variant_group_id": "DO_NOT_USE",
            "caption": "DO NOT USE",
            "variation_additional_1_value": "Custom",
            "variation_additional_1_name": "fit",
            "variation_size_value": "Custom"
        },
        {
            "product_id": "690251122288",
            "keywords": [],
            "images": [
                {
                    "url": "https://res.cloudinary.com/db0zftggw/image/upload/q_auto:best,f_auto,h_200/v1682346470/p/faherty/49899fa4e36c0342739b8133c494ffab.jpg",
                    "title": "DO NOT USE",
                    "is_main": true,
                    "alt_text": "DO NOT USE",
                    "dominant_color": "#E66163",
                    "width": 454,
                    "height": 278,
                    "aspect_ratio": 1.6330935
                }
            ],
            "shipping_weight_unit": "lb",
            "is_searchable": false,
            "is_available": false,
            "show_in_listing": false,
            "extended_attributes": [],
            "title": "DO NOT USE",
            "shipping_weight_value": 0.0,
            "tax_class_id": "",
            "categories": [],
            "shipping_dimension_height": 0.0,
            "description": "DO NOT USE",
            "brand": "",
            "material": "",
            "shipping_dimension_length": 0.0,
            "variation_color_value": "",
            "online_from": "2020-01-01T00:00:00Z",
            "online_to": "2020-01-01T00:00:01Z",
            "shipping_dimension_width": 0.0,
            "manufacturer": null,
            "shipping_dimension_unit": "cm",
            "external_identifiers": [
                {
                    "type": "sku",
                    "value": "DO_NOT_USE"
                }
            ],
            "variant_group_id": "DO_NOT_USE",
            "caption": "DO NOT USE",
            "variation_additional_1_value": "Custom",
            "variation_additional_1_name": "fit",
            "variation_size_value": "Custom"
        },
        {
            "product_id": "690251122264",
            "keywords": [],
            "images": [
                {
                    "url": "https://res.cloudinary.com/db0zftggw/image/upload/q_auto:best,f_auto,h_200/v1682346470/p/faherty/49899fa4e36c0342739b8133c494ffab.jpg",
                    "title": "DO NOT USE",
                    "is_main": true,
                    "alt_text": "DO NOT USE",
                    "dominant_color": "#E66163",
                    "width": 454,
                    "height": 278,
                    "aspect_ratio": 1.6330935
                }
            ],
            "shipping_weight_unit": "lb",
            "is_searchable": false,
            "is_available": false,
            "show_in_listing": false,
            "extended_attributes": [],
            "title": "DO NOT USE",
            "shipping_weight_value": 0.0,
            "tax_class_id": "",
            "categories": [],
            "shipping_dimension_height": 0.0,
            "description": "DO NOT USE",
            "brand": "",
            "material": "",
            "shipping_dimension_length": 0.0,
            "variation_color_value": "",
            "online_from": "2020-01-01T00:00:00Z",
            "online_to": "2020-01-01T00:00:01Z",
            "shipping_dimension_width": 0.0,
            "manufacturer": null,
            "shipping_dimension_unit": "cm",
            "external_identifiers": [
                {
                    "type": "sku",
                    "value": "DO_NOT_USE"
                }
            ],
            "variant_group_id": "DO_NOT_USE",
            "caption": "DO NOT USE",
            "variation_additional_1_value": "Custom",
            "variation_additional_1_name": "fit",
            "variation_size_value": "Custom"
        },
        {
            "product_id": "888066135917",
            "keywords": [],
            "images": [
                {
                    "url": "https://res.cloudinary.com/db0zftggw/image/upload/q_auto:best,f_auto,h_200/v1682346470/p/faherty/49899fa4e36c0342739b8133c494ffab.jpg",
                    "title": "DO NOT USE",
                    "is_main": true,
                    "alt_text": "DO NOT USE",
                    "dominant_color": "#E66163",
                    "width": 454,
                    "height": 278,
                    "aspect_ratio": 1.6330935
                }
            ],
            "shipping_weight_unit": "lb",
            "is_searchable": false,
            "is_available": false,
            "show_in_listing": false,
            "extended_attributes": [],
            "title": "DO NOT USE",
            "shipping_weight_value": 0.0,
            "tax_class_id": "",
            "categories": [],
            "shipping_dimension_height": 0.0,
            "description": "DO NOT USE",
            "brand": "",
            "material": "",
            "shipping_dimension_length": 0.0,
            "variation_color_value": "",
            "online_from": "2020-01-01T00:00:00Z",
            "online_to": "2020-01-01T00:00:01Z",
            "shipping_dimension_width": 0.0,
            "manufacturer": null,
            "shipping_dimension_unit": "cm",
            "external_identifiers": [
                {
                    "type": "sku",
                    "value": "DO_NOT_USE"
                }
            ],
            "variant_group_id": "DO_NOT_USE",
            "caption": "DO NOT USE",
            "variation_additional_1_value": "Custom",
            "variation_additional_1_name": "fit",
            "variation_size_value": "Custom"
        },
        {
            "product_id": "888066135962",
            "keywords": [],
            "images": [
                {
                    "url": "https://res.cloudinary.com/db0zftggw/image/upload/q_auto:best,f_auto,h_200/v1682346470/p/faherty/49899fa4e36c0342739b8133c494ffab.jpg",
                    "title": "DO NOT USE",
                    "is_main": true,
                    "alt_text": "DO NOT USE",
                    "dominant_color": "#E66163",
                    "width": 454,
                    "height": 278,
                    "aspect_ratio": 1.6330935
                }
            ],
            "shipping_weight_unit": "lb",
            "is_searchable": false,
            "is_available": false,
            "show_in_listing": false,
            "extended_attributes": [],
            "title": "DO NOT USE",
            "shipping_weight_value": 0.0,
            "tax_class_id": "",
            "categories": [],
            "shipping_dimension_height": 0.0,
            "description": "DO NOT USE",
            "brand": "",
            "material": "",
            "shipping_dimension_length": 0.0,
            "variation_color_value": "",
            "online_from": "2020-01-01T00:00:00Z",
            "online_to": "2020-01-01T00:00:01Z",
            "shipping_dimension_width": 0.0,
            "manufacturer": null,
            "shipping_dimension_unit": "cm",
            "external_identifiers": [
                {
                    "type": "sku",
                    "value": "DO_NOT_USE"
                }
            ],
            "variant_group_id": "DO_NOT_USE",
            "caption": "DO NOT USE",
            "variation_additional_1_value": "Custom",
            "variation_additional_1_name": "fit",
            "variation_size_value": "Custom"
        },
        {
            "product_id": "888066135924",
            "keywords": [],
            "images": [
                {
                    "url": "https://res.cloudinary.com/db0zftggw/image/upload/q_auto:best,f_auto,h_200/v1682346470/p/faherty/49899fa4e36c0342739b8133c494ffab.jpg",
                    "title": "DO NOT USE",
                    "is_main": true,
                    "alt_text": "DO NOT USE",
                    "dominant_color": "#E66163",
                    "width": 454,
                    "height": 278,
                    "aspect_ratio": 1.6330935
                }
            ],
            "shipping_weight_unit": "lb",
            "is_searchable": false,
            "is_available": false,
            "show_in_listing": false,
            "extended_attributes": [],
            "title": "DO NOT USE",
            "shipping_weight_value": 0.0,
            "tax_class_id": "",
            "categories": [],
            "shipping_dimension_height": 0.0,
            "description": "DO NOT USE",
            "brand": "",
            "material": "",
            "shipping_dimension_length": 0.0,
            "variation_color_value": "",
            "online_from": "2020-01-01T00:00:00Z",
            "online_to": "2020-01-01T00:00:01Z",
            "shipping_dimension_width": 0.0,
            "manufacturer": null,
            "shipping_dimension_unit": "cm",
            "external_identifiers": [
                {
                    "type": "sku",
                    "value": "DO_NOT_USE"
                }
            ],
            "variant_group_id": "DO_NOT_USE",
            "caption": "DO NOT USE",
            "variation_additional_1_value": "Custom",
            "variation_additional_1_name": "fit",
            "variation_size_value": "Custom"
        },
        {
            "product_id": "888066135979",
            "keywords": [],
            "images": [
                {
                    "url": "https://res.cloudinary.com/db0zftggw/image/upload/q_auto:best,f_auto,h_200/v1682346470/p/faherty/49899fa4e36c0342739b8133c494ffab.jpg",
                    "title": "DO NOT USE",
                    "is_main": true,
                    "alt_text": "DO NOT USE",
                    "dominant_color": "#E66163",
                    "width": 454,
                    "height": 278,
                    "aspect_ratio": 1.6330935
                }
            ],
            "shipping_weight_unit": "lb",
            "is_searchable": false,
            "is_available": false,
            "show_in_listing": false,
            "extended_attributes": [],
            "title": "DO NOT USE",
            "shipping_weight_value": 0.0,
            "tax_class_id": "",
            "categories": [],
            "shipping_dimension_height": 0.0,
            "description": "DO NOT USE",
            "brand": "",
            "material": "",
            "shipping_dimension_length": 0.0,
            "variation_color_value": "",
            "online_from": "2020-01-01T00:00:00Z",
            "online_to": "2020-01-01T00:00:01Z",
            "shipping_dimension_width": 0.0,
            "manufacturer": null,
            "shipping_dimension_unit": "cm",
            "external_identifiers": [
                {
                    "type": "sku",
                    "value": "DO_NOT_USE"
                }
            ],
            "variant_group_id": "DO_NOT_USE",
            "caption": "DO NOT USE",
            "variation_additional_1_value": "Custom",
            "variation_additional_1_name": "fit",
            "variation_size_value": "Custom"
        },
        {
            "product_id": "888066135948",
            "keywords": [],
            "images": [
                {
                    "url": "https://res.cloudinary.com/db0zftggw/image/upload/q_auto:best,f_auto,h_200/v1682346470/p/faherty/49899fa4e36c0342739b8133c494ffab.jpg",
                    "title": "DO NOT USE",
                    "is_main": true,
                    "alt_text": "DO NOT USE",
                    "dominant_color": "#E66163",
                    "width": 454,
                    "height": 278,
                    "aspect_ratio": 1.6330935
                }
            ],
            "shipping_weight_unit": "lb",
            "is_searchable": false,
            "is_available": false,
            "show_in_listing": false,
            "extended_attributes": [],
            "title": "DO NOT USE",
            "shipping_weight_value": 0.0,
            "tax_class_id": "",
            "categories": [],
            "shipping_dimension_height": 0.0,
            "description": "DO NOT USE",
            "brand": "",
            "material": "",
            "shipping_dimension_length": 0.0,
            "variation_color_value": "",
            "online_from": "2020-01-01T00:00:00Z",
            "online_to": "2020-01-01T00:00:01Z",
            "shipping_dimension_width": 0.0,
            "manufacturer": null,
            "shipping_dimension_unit": "cm",
            "external_identifiers": [
                {
                    "type": "sku",
                    "value": "DO_NOT_USE"
                }
            ],
            "variant_group_id": "DO_NOT_USE",
            "caption": "DO NOT USE",
            "variation_additional_1_value": "Custom",
            "variation_additional_1_name": "fit",
            "variation_size_value": "Custom"
        },
        {
            "product_id": "888066135955",
            "keywords": [],
            "images": [
                {
                    "url": "https://res.cloudinary.com/db0zftggw/image/upload/q_auto:best,f_auto,h_200/v1682346470/p/faherty/49899fa4e36c0342739b8133c494ffab.jpg",
                    "title": "DO NOT USE",
                    "is_main": true,
                    "alt_text": "DO NOT USE",
                    "dominant_color": "#E66163",
                    "width": 454,
                    "height": 278,
                    "aspect_ratio": 1.6330935
                }
            ],
            "shipping_weight_unit": "lb",
            "is_searchable": false,
            "is_available": false,
            "show_in_listing": false,
            "extended_attributes": [],
            "title": "DO NOT USE",
            "shipping_weight_value": 0.0,
            "tax_class_id": "",
            "categories": [],
            "shipping_dimension_height": 0.0,
            "description": "DO NOT USE",
            "brand": "",
            "material": "",
            "shipping_dimension_length": 0.0,
            "variation_color_value": "",
            "online_from": "2020-01-01T00:00:00Z",
            "online_to": "2020-01-01T00:00:01Z",
            "shipping_dimension_width": 0.0,
            "manufacturer": null,
            "shipping_dimension_unit": "cm",
            "external_identifiers": [
                {
                    "type": "sku",
                    "value": "DO_NOT_USE"
                }
            ],
            "variant_group_id": "DO_NOT_USE",
            "caption": "DO NOT USE",
            "variation_additional_1_value": "Custom",
            "variation_additional_1_name": "fit",
            "variation_size_value": "Custom"
        },
        {
            "product_id": "888066135993",
            "keywords": [],
            "images": [
                {
                    "url": "https://res.cloudinary.com/db0zftggw/image/upload/q_auto:best,f_auto,h_200/v1682346470/p/faherty/49899fa4e36c0342739b8133c494ffab.jpg",
                    "title": "DO NOT USE",
                    "is_main": true,
                    "alt_text": "DO NOT USE",
                    "dominant_color": "#E66163",
                    "width": 454,
                    "height": 278,
                    "aspect_ratio": 1.6330935
                }
            ],
            "shipping_weight_unit": "lb",
            "is_searchable": false,
            "is_available": false,
            "show_in_listing": false,
            "extended_attributes": [],
            "title": "DO NOT USE",
            "shipping_weight_value": 0.0,
            "tax_class_id": "",
            "categories": [],
            "shipping_dimension_height": 0.0,
            "description": "DO NOT USE",
            "brand": "",
            "material": "",
            "shipping_dimension_length": 0.0,
            "variation_color_value": "",
            "online_from": "2020-01-01T00:00:00Z",
            "online_to": "2020-01-01T00:00:01Z",
            "shipping_dimension_width": 0.0,
            "manufacturer": null,
            "shipping_dimension_unit": "cm",
            "external_identifiers": [
                {
                    "type": "sku",
                    "value": "DO_NOT_USE"
                }
            ],
            "variant_group_id": "DO_NOT_USE",
            "caption": "DO NOT USE",
            "variation_additional_1_value": "Custom",
            "variation_additional_1_name": "fit",
            "variation_size_value": "Custom"
        },
        {
            "product_id": "888066135931",
            "keywords": [],
            "images": [
                {
                    "url": "https://res.cloudinary.com/db0zftggw/image/upload/q_auto:best,f_auto,h_200/v1682346470/p/faherty/49899fa4e36c0342739b8133c494ffab.jpg",
                    "title": "DO NOT USE",
                    "is_main": true,
                    "alt_text": "DO NOT USE",
                    "dominant_color": "#E66163",
                    "width": 454,
                    "height": 278,
                    "aspect_ratio": 1.6330935
                }
            ],
            "shipping_weight_unit": "lb",
            "is_searchable": false,
            "is_available": false,
            "show_in_listing": false,
            "extended_attributes": [],
            "title": "DO NOT USE",
            "shipping_weight_value": 0.0,
            "tax_class_id": "",
            "categories": [],
            "shipping_dimension_height": 0.0,
            "description": "DO NOT USE",
            "brand": "",
            "material": "",
            "shipping_dimension_length": 0.0,
            "variation_color_value": "",
            "online_from": "2020-01-01T00:00:00Z",
            "online_to": "2020-01-01T00:00:01Z",
            "shipping_dimension_width": 0.0,
            "manufacturer": null,
            "shipping_dimension_unit": "cm",
            "external_identifiers": [
                {
                    "type": "sku",
                    "value": "DO_NOT_USE"
                }
            ],
            "variant_group_id": "DO_NOT_USE",
            "caption": "DO NOT USE",
            "variation_additional_1_value": "Custom",
            "variation_additional_1_name": "fit",
            "variation_size_value": "Custom"
        },
        {
            "product_id": "888066135986",
            "keywords": [],
            "images": [
                {
                    "url": "https://res.cloudinary.com/db0zftggw/image/upload/q_auto:best,f_auto,h_200/v1682346470/p/faherty/49899fa4e36c0342739b8133c494ffab.jpg",
                    "title": "DO NOT USE",
                    "is_main": true,
                    "alt_text": "DO NOT USE",
                    "dominant_color": "#E66163",
                    "width": 454,
                    "height": 278,
                    "aspect_ratio": 1.6330935
                }
            ],
            "shipping_weight_unit": "lb",
            "is_searchable": false,
            "is_available": false,
            "show_in_listing": false,
            "extended_attributes": [],
            "title": "DO NOT USE",
            "shipping_weight_value": 0.0,
            "tax_class_id": "",
            "categories": [],
            "shipping_dimension_height": 0.0,
            "description": "DO NOT USE",
            "brand": "",
            "material": "",
            "shipping_dimension_length": 0.0,
            "variation_color_value": "",
            "online_from": "2020-01-01T00:00:00Z",
            "online_to": "2020-01-01T00:00:01Z",
            "shipping_dimension_width": 0.0,
            "manufacturer": null,
            "shipping_dimension_unit": "cm",
            "external_identifiers": [
                {
                    "type": "sku",
                    "value": "DO_NOT_USE"
                }
            ],
            "variant_group_id": "DO_NOT_USE",
            "caption": "DO NOT USE",
            "variation_additional_1_value": "Custom",
            "variation_additional_1_name": "fit",
            "variation_size_value": "Custom"
        },
        {
            "product_id": "38097005806",
            "keywords": [],
            "images": [
                {
                    "url": "https://res.cloudinary.com/db0zftggw/image/upload/q_auto:best,f_auto,h_200/v1682346470/p/faherty/49899fa4e36c0342739b8133c494ffab.jpg",
                    "title": "DO NOT USE",
                    "is_main": true,
                    "alt_text": "DO NOT USE",
                    "dominant_color": "#E66163",
                    "width": 454,
                    "height": 278,
                    "aspect_ratio": 1.6330935
                }
            ],
            "shipping_weight_unit": "lb",
            "is_searchable": false,
            "is_available": false,
            "show_in_listing": false,
            "extended_attributes": [],
            "title": "DO NOT USE",
            "shipping_weight_value": 0.0,
            "tax_class_id": "",
            "categories": [],
            "shipping_dimension_height": 0.0,
            "description": "DO NOT USE",
            "brand": "",
            "material": "",
            "shipping_dimension_length": 0.0,
            "variation_color_value": "",
            "online_from": "2020-01-01T00:00:00Z",
            "online_to": "2020-01-01T00:00:01Z",
            "shipping_dimension_width": 0.0,
            "manufacturer": null,
            "shipping_dimension_unit": "cm",
            "external_identifiers": [
                {
                    "type": "sku",
                    "value": "DO_NOT_USE"
                }
            ],
            "variant_group_id": "DO_NOT_USE",
            "caption": "DO NOT USE",
            "variation_additional_1_value": "Custom",
            "variation_additional_1_name": "fit",
            "variation_size_value": "Custom"
        },
        {
            "product_id": "990004500128",
            "keywords": [],
            "images": [
                {
                    "url": "https://res.cloudinary.com/db0zftggw/image/upload/q_auto:best,f_auto,h_200/v1682346470/p/faherty/49899fa4e36c0342739b8133c494ffab.jpg",
                    "title": "DO NOT USE",
                    "is_main": true,
                    "alt_text": "DO NOT USE",
                    "dominant_color": "#E66163",
                    "width": 454,
                    "height": 278,
                    "aspect_ratio": 1.6330935
                }
            ],
            "shipping_weight_unit": "lb",
            "is_searchable": false,
            "is_available": false,
            "show_in_listing": false,
            "extended_attributes": [],
            "title": "DO NOT USE",
            "shipping_weight_value": 0.0,
            "tax_class_id": "",
            "categories": [],
            "shipping_dimension_height": 0.0,
            "description": "DO NOT USE",
            "brand": "",
            "material": "",
            "shipping_dimension_length": 0.0,
            "variation_color_value": "",
            "online_from": "2020-01-01T00:00:00Z",
            "online_to": "2020-01-01T00:00:01Z",
            "shipping_dimension_width": 0.0,
            "manufacturer": null,
            "shipping_dimension_unit": "cm",
            "external_identifiers": [
                {
                    "type": "sku",
                    "value": "DO_NOT_USE"
                }
            ],
            "variant_group_id": "DO_NOT_USE",
            "caption": "DO NOT USE",
            "variation_additional_1_value": "Custom",
            "variation_additional_1_name": "fit",
            "variation_size_value": "Custom"
        },
        {
            "product_id": "990004502344",
            "keywords": [],
            "images": [
                {
                    "url": "https://res.cloudinary.com/db0zftggw/image/upload/q_auto:best,f_auto,h_200/v1682346470/p/faherty/49899fa4e36c0342739b8133c494ffab.jpg",
                    "title": "DO NOT USE",
                    "is_main": true,
                    "alt_text": "DO NOT USE",
                    "dominant_color": "#E66163",
                    "width": 454,
                    "height": 278,
                    "aspect_ratio": 1.6330935
                }
            ],
            "shipping_weight_unit": "lb",
            "is_searchable": false,
            "is_available": false,
            "show_in_listing": false,
            "extended_attributes": [],
            "title": "DO NOT USE",
            "shipping_weight_value": 0.0,
            "tax_class_id": "",
            "categories": [],
            "shipping_dimension_height": 0.0,
            "description": "DO NOT USE",
            "brand": "",
            "material": "",
            "shipping_dimension_length": 0.0,
            "variation_color_value": "",
            "online_from": "2020-01-01T00:00:00Z",
            "online_to": "2020-01-01T00:00:01Z",
            "shipping_dimension_width": 0.0,
            "manufacturer": null,
            "shipping_dimension_unit": "cm",
            "external_identifiers": [
                {
                    "type": "sku",
                    "value": "DO_NOT_USE"
                }
            ],
            "variant_group_id": "DO_NOT_USE",
            "caption": "DO NOT USE",
            "variation_additional_1_value": "Custom",
            "variation_additional_1_name": "fit",
            "variation_size_value": "Custom"
        },
        {
            "product_id": "990004500043",
            "keywords": [],
            "images": [
                {
                    "url": "https://res.cloudinary.com/db0zftggw/image/upload/q_auto:best,f_auto,h_200/v1682346470/p/faherty/49899fa4e36c0342739b8133c494ffab.jpg",
                    "title": "DO NOT USE",
                    "is_main": true,
                    "alt_text": "DO NOT USE",
                    "dominant_color": "#E66163",
                    "width": 454,
                    "height": 278,
                    "aspect_ratio": 1.6330935
                }
            ],
            "shipping_weight_unit": "lb",
            "is_searchable": false,
            "is_available": false,
            "show_in_listing": false,
            "extended_attributes": [],
            "title": "DO NOT USE",
            "shipping_weight_value": 0.0,
            "tax_class_id": "",
            "categories": [],
            "shipping_dimension_height": 0.0,
            "description": "DO NOT USE",
            "brand": "",
            "material": "",
            "shipping_dimension_length": 0.0,
            "variation_color_value": "",
            "online_from": "2020-01-01T00:00:00Z",
            "online_to": "2020-01-01T00:00:01Z",
            "shipping_dimension_width": 0.0,
            "manufacturer": null,
            "shipping_dimension_unit": "cm",
            "external_identifiers": [
                {
                    "type": "sku",
                    "value": "DO_NOT_USE"
                }
            ],
            "variant_group_id": "DO_NOT_USE",
            "caption": "DO NOT USE",
            "variation_additional_1_value": "Custom",
            "variation_additional_1_name": "fit",
            "variation_size_value": "Custom"
        },
        {
            "product_id": "990004500036",
            "keywords": [],
            "images": [
                {
                    "url": "https://res.cloudinary.com/db0zftggw/image/upload/q_auto:best,f_auto,h_200/v1682346470/p/faherty/49899fa4e36c0342739b8133c494ffab.jpg",
                    "title": "DO NOT USE",
                    "is_main": true,
                    "alt_text": "DO NOT USE",
                    "dominant_color": "#E66163",
                    "width": 454,
                    "height": 278,
                    "aspect_ratio": 1.6330935
                }
            ],
            "shipping_weight_unit": "lb",
            "is_searchable": false,
            "is_available": false,
            "show_in_listing": false,
            "extended_attributes": [],
            "title": "DO NOT USE",
            "shipping_weight_value": 0.0,
            "tax_class_id": "",
            "categories": [],
            "shipping_dimension_height": 0.0,
            "description": "DO NOT USE",
            "brand": "",
            "material": "",
            "shipping_dimension_length": 0.0,
            "variation_color_value": "",
            "online_from": "2020-01-01T00:00:00Z",
            "online_to": "2020-01-01T00:00:01Z",
            "shipping_dimension_width": 0.0,
            "manufacturer": null,
            "shipping_dimension_unit": "cm",
            "external_identifiers": [
                {
                    "type": "sku",
                    "value": "DO_NOT_USE"
                }
            ],
            "variant_group_id": "DO_NOT_USE",
            "caption": "DO NOT USE",
            "variation_additional_1_value": "Custom",
            "variation_additional_1_name": "fit",
            "variation_size_value": "Custom"
        },
        {
            "product_id": "990004500166",
            "keywords": [],
            "images": [
                {
                    "url": "https://res.cloudinary.com/db0zftggw/image/upload/q_auto:best,f_auto,h_200/v1682346470/p/faherty/49899fa4e36c0342739b8133c494ffab.jpg",
                    "title": "DO NOT USE",
                    "is_main": true,
                    "alt_text": "DO NOT USE",
                    "dominant_color": "#E66163",
                    "width": 454,
                    "height": 278,
                    "aspect_ratio": 1.6330935
                }
            ],
            "shipping_weight_unit": "lb",
            "is_searchable": false,
            "is_available": false,
            "show_in_listing": false,
            "extended_attributes": [],
            "title": "DO NOT USE",
            "shipping_weight_value": 0.0,
            "tax_class_id": "",
            "categories": [],
            "shipping_dimension_height": 0.0,
            "description": "DO NOT USE",
            "brand": "",
            "material": "",
            "shipping_dimension_length": 0.0,
            "variation_color_value": "",
            "online_from": "2020-01-01T00:00:00Z",
            "online_to": "2020-01-01T00:00:01Z",
            "shipping_dimension_width": 0.0,
            "manufacturer": null,
            "shipping_dimension_unit": "cm",
            "external_identifiers": [
                {
                    "type": "sku",
                    "value": "DO_NOT_USE"
                }
            ],
            "variant_group_id": "DO_NOT_USE",
            "caption": "DO NOT USE",
            "variation_additional_1_value": "Custom",
            "variation_additional_1_name": "fit",
            "variation_size_value": "Custom"
        },
        {
            "product_id": "990004501569",
            "keywords": [],
            "images": [
                {
                    "url": "https://res.cloudinary.com/db0zftggw/image/upload/q_auto:best,f_auto,h_200/v1682346470/p/faherty/49899fa4e36c0342739b8133c494ffab.jpg",
                    "title": "DO NOT USE",
                    "is_main": true,
                    "alt_text": "DO NOT USE",
                    "dominant_color": "#E66163",
                    "width": 454,
                    "height": 278,
                    "aspect_ratio": 1.6330935
                }
            ],
            "shipping_weight_unit": "lb",
            "is_searchable": false,
            "is_available": false,
            "show_in_listing": false,
            "extended_attributes": [],
            "title": "DO NOT USE",
            "shipping_weight_value": 0.0,
            "tax_class_id": "",
            "categories": [],
            "shipping_dimension_height": 0.0,
            "description": "DO NOT USE",
            "brand": "",
            "material": "",
            "shipping_dimension_length": 0.0,
            "variation_color_value": "",
            "online_from": "2020-01-01T00:00:00Z",
            "online_to": "2020-01-01T00:00:01Z",
            "shipping_dimension_width": 0.0,
            "manufacturer": null,
            "shipping_dimension_unit": "cm",
            "external_identifiers": [
                {
                    "type": "sku",
                    "value": "DO_NOT_USE"
                }
            ],
            "variant_group_id": "DO_NOT_USE",
            "caption": "DO NOT USE",
            "variation_additional_1_value": "Custom",
            "variation_additional_1_name": "fit",
            "variation_size_value": "Custom"
        },
        {
            "product_id": "990004502368",
            "keywords": [],
            "images": [
                {
                    "url": "https://res.cloudinary.com/db0zftggw/image/upload/q_auto:best,f_auto,h_200/v1682346470/p/faherty/49899fa4e36c0342739b8133c494ffab.jpg",
                    "title": "DO NOT USE",
                    "is_main": true,
                    "alt_text": "DO NOT USE",
                    "dominant_color": "#E66163",
                    "width": 454,
                    "height": 278,
                    "aspect_ratio": 1.6330935
                }
            ],
            "shipping_weight_unit": "lb",
            "is_searchable": false,
            "is_available": false,
            "show_in_listing": false,
            "extended_attributes": [],
            "title": "DO NOT USE",
            "shipping_weight_value": 0.0,
            "tax_class_id": "",
            "categories": [],
            "shipping_dimension_height": 0.0,
            "description": "DO NOT USE",
            "brand": "",
            "material": "",
            "shipping_dimension_length": 0.0,
            "variation_color_value": "",
            "online_from": "2020-01-01T00:00:00Z",
            "online_to": "2020-01-01T00:00:01Z",
            "shipping_dimension_width": 0.0,
            "manufacturer": null,
            "shipping_dimension_unit": "cm",
            "external_identifiers": [
                {
                    "type": "sku",
                    "value": "DO_NOT_USE"
                }
            ],
            "variant_group_id": "DO_NOT_USE",
            "caption": "DO NOT USE",
            "variation_additional_1_value": "Custom",
            "variation_additional_1_name": "fit",
            "variation_size_value": "Custom"
        },
        {
            "product_id": "990004500029",
            "keywords": [],
            "images": [
                {
                    "url": "https://res.cloudinary.com/db0zftggw/image/upload/q_auto:best,f_auto,h_200/v1682346470/p/faherty/49899fa4e36c0342739b8133c494ffab.jpg",
                    "title": "DO NOT USE",
                    "is_main": true,
                    "alt_text": "DO NOT USE",
                    "dominant_color": "#E66163",
                    "width": 454,
                    "height": 278,
                    "aspect_ratio": 1.6330935
                }
            ],
            "shipping_weight_unit": "lb",
            "is_searchable": false,
            "is_available": false,
            "show_in_listing": false,
            "extended_attributes": [],
            "title": "DO NOT USE",
            "shipping_weight_value": 0.0,
            "tax_class_id": "",
            "categories": [],
            "shipping_dimension_height": 0.0,
            "description": "DO NOT USE",
            "brand": "",
            "material": "",
            "shipping_dimension_length": 0.0,
            "variation_color_value": "",
            "online_from": "2020-01-01T00:00:00Z",
            "online_to": "2020-01-01T00:00:01Z",
            "shipping_dimension_width": 0.0,
            "manufacturer": null,
            "shipping_dimension_unit": "cm",
            "external_identifiers": [
                {
                    "type": "sku",
                    "value": "DO_NOT_USE"
                }
            ],
            "variant_group_id": "DO_NOT_USE",
            "caption": "DO NOT USE",
            "variation_additional_1_value": "Custom",
            "variation_additional_1_name": "fit",
            "variation_size_value": "Custom"
        },
        {
            "product_id": "990004500074",
            "keywords": [],
            "images": [
                {
                    "url": "https://res.cloudinary.com/db0zftggw/image/upload/q_auto:best,f_auto,h_200/v1682346470/p/faherty/49899fa4e36c0342739b8133c494ffab.jpg",
                    "title": "DO NOT USE",
                    "is_main": true,
                    "alt_text": "DO NOT USE",
                    "dominant_color": "#E66163",
                    "width": 454,
                    "height": 278,
                    "aspect_ratio": 1.6330935
                }
            ],
            "shipping_weight_unit": "lb",
            "is_searchable": false,
            "is_available": false,
            "show_in_listing": false,
            "extended_attributes": [],
            "title": "DO NOT USE",
            "shipping_weight_value": 0.0,
            "tax_class_id": "",
            "categories": [],
            "shipping_dimension_height": 0.0,
            "description": "DO NOT USE",
            "brand": "",
            "material": "",
            "shipping_dimension_length": 0.0,
            "variation_color_value": "",
            "online_from": "2020-01-01T00:00:00Z",
            "online_to": "2020-01-01T00:00:01Z",
            "shipping_dimension_width": 0.0,
            "manufacturer": null,
            "shipping_dimension_unit": "cm",
            "external_identifiers": [
                {
                    "type": "sku",
                    "value": "DO_NOT_USE"
                }
            ],
            "variant_group_id": "DO_NOT_USE",
            "caption": "DO NOT USE",
            "variation_additional_1_value": "Custom",
            "variation_additional_1_name": "fit",
            "variation_size_value": "Custom"
        },
        {
            "product_id": "990004500067",
            "keywords": [],
            "images": [
                {
                    "url": "https://res.cloudinary.com/db0zftggw/image/upload/q_auto:best,f_auto,h_200/v1682346470/p/faherty/49899fa4e36c0342739b8133c494ffab.jpg",
                    "title": "DO NOT USE",
                    "is_main": true,
                    "alt_text": "DO NOT USE",
                    "dominant_color": "#E66163",
                    "width": 454,
                    "height": 278,
                    "aspect_ratio": 1.6330935
                }
            ],
            "shipping_weight_unit": "lb",
            "is_searchable": false,
            "is_available": false,
            "show_in_listing": false,
            "extended_attributes": [],
            "title": "DO NOT USE",
            "shipping_weight_value": 0.0,
            "tax_class_id": "",
            "categories": [],
            "shipping_dimension_height": 0.0,
            "description": "DO NOT USE",
            "brand": "",
            "material": "",
            "shipping_dimension_length": 0.0,
            "variation_color_value": "",
            "online_from": "2020-01-01T00:00:00Z",
            "online_to": "2020-01-01T00:00:01Z",
            "shipping_dimension_width": 0.0,
            "manufacturer": null,
            "shipping_dimension_unit": "cm",
            "external_identifiers": [
                {
                    "type": "sku",
                    "value": "DO_NOT_USE"
                }
            ],
            "variant_group_id": "DO_NOT_USE",
            "caption": "DO NOT USE",
            "variation_additional_1_value": "Custom",
            "variation_additional_1_name": "fit",
            "variation_size_value": "Custom"
        },
        {
            "product_id": "990004500081",
            "keywords": [],
            "images": [
                {
                    "url": "https://res.cloudinary.com/db0zftggw/image/upload/q_auto:best,f_auto,h_200/v1682346470/p/faherty/49899fa4e36c0342739b8133c494ffab.jpg",
                    "title": "DO NOT USE",
                    "is_main": true,
                    "alt_text": "DO NOT USE",
                    "dominant_color": "#E66163",
                    "width": 454,
                    "height": 278,
                    "aspect_ratio": 1.6330935
                }
            ],
            "shipping_weight_unit": "lb",
            "is_searchable": false,
            "is_available": false,
            "show_in_listing": false,
            "extended_attributes": [],
            "title": "DO NOT USE",
            "shipping_weight_value": 0.0,
            "tax_class_id": "",
            "categories": [],
            "shipping_dimension_height": 0.0,
            "description": "DO NOT USE",
            "brand": "",
            "material": "",
            "shipping_dimension_length": 0.0,
            "variation_color_value": "",
            "online_from": "2020-01-01T00:00:00Z",
            "online_to": "2020-01-01T00:00:01Z",
            "shipping_dimension_width": 0.0,
            "manufacturer": null,
            "shipping_dimension_unit": "cm",
            "external_identifiers": [
                {
                    "type": "sku",
                    "value": "DO_NOT_USE"
                }
            ],
            "variant_group_id": "DO_NOT_USE",
            "caption": "DO NOT USE",
            "variation_additional_1_value": "Custom",
            "variation_additional_1_name": "fit",
            "variation_size_value": "Custom"
        },
        {
            "product_id": "990004501514",
            "keywords": [],
            "images": [
                {
                    "url": "https://res.cloudinary.com/db0zftggw/image/upload/q_auto:best,f_auto,h_200/v1682346470/p/faherty/49899fa4e36c0342739b8133c494ffab.jpg",
                    "title": "DO NOT USE",
                    "is_main": true,
                    "alt_text": "DO NOT USE",
                    "dominant_color": "#E66163",
                    "width": 454,
                    "height": 278,
                    "aspect_ratio": 1.6330935
                }
            ],
            "shipping_weight_unit": "lb",
            "is_searchable": false,
            "is_available": false,
            "show_in_listing": false,
            "extended_attributes": [],
            "title": "DO NOT USE",
            "shipping_weight_value": 0.0,
            "tax_class_id": "",
            "categories": [],
            "shipping_dimension_height": 0.0,
            "description": "DO NOT USE",
            "brand": "",
            "material": "",
            "shipping_dimension_length": 0.0,
            "variation_color_value": "",
            "online_from": "2020-01-01T00:00:00Z",
            "online_to": "2020-01-01T00:00:01Z",
            "shipping_dimension_width": 0.0,
            "manufacturer": null,
            "shipping_dimension_unit": "cm",
            "external_identifiers": [
                {
                    "type": "sku",
                    "value": "DO_NOT_USE"
                }
            ],
            "variant_group_id": "DO_NOT_USE",
            "caption": "DO NOT USE",
            "variation_additional_1_value": "Custom",
            "variation_additional_1_name": "fit",
            "variation_size_value": "Custom"
        },
        {
            "product_id": "990004500135",
            "keywords": [],
            "images": [
                {
                    "url": "https://res.cloudinary.com/db0zftggw/image/upload/q_auto:best,f_auto,h_200/v1682346470/p/faherty/49899fa4e36c0342739b8133c494ffab.jpg",
                    "title": "DO NOT USE",
                    "is_main": true,
                    "alt_text": "DO NOT USE",
                    "dominant_color": "#E66163",
                    "width": 454,
                    "height": 278,
                    "aspect_ratio": 1.6330935
                }
            ],
            "shipping_weight_unit": "lb",
            "is_searchable": false,
            "is_available": false,
            "show_in_listing": false,
            "extended_attributes": [],
            "title": "DO NOT USE",
            "shipping_weight_value": 0.0,
            "tax_class_id": "",
            "categories": [],
            "shipping_dimension_height": 0.0,
            "description": "DO NOT USE",
            "brand": "",
            "material": "",
            "shipping_dimension_length": 0.0,
            "variation_color_value": "",
            "online_from": "2020-01-01T00:00:00Z",
            "online_to": "2020-01-01T00:00:01Z",
            "shipping_dimension_width": 0.0,
            "manufacturer": null,
            "shipping_dimension_unit": "cm",
            "external_identifiers": [
                {
                    "type": "sku",
                    "value": "DO_NOT_USE"
                }
            ],
            "variant_group_id": "DO_NOT_USE",
            "caption": "DO NOT USE",
            "variation_additional_1_value": "Custom",
            "variation_additional_1_name": "fit",
            "variation_size_value": "Custom"
        },
        {
            "product_id": "990004500098",
            "keywords": [],
            "images": [
                {
                    "url": "https://res.cloudinary.com/db0zftggw/image/upload/q_auto:best,f_auto,h_200/v1682346470/p/faherty/49899fa4e36c0342739b8133c494ffab.jpg",
                    "title": "DO NOT USE",
                    "is_main": true,
                    "alt_text": "DO NOT USE",
                    "dominant_color": "#E66163",
                    "width": 454,
                    "height": 278,
                    "aspect_ratio": 1.6330935
                }
            ],
            "shipping_weight_unit": "lb",
            "is_searchable": false,
            "is_available": false,
            "show_in_listing": false,
            "extended_attributes": [],
            "title": "DO NOT USE",
            "shipping_weight_value": 0.0,
            "tax_class_id": "",
            "categories": [],
            "shipping_dimension_height": 0.0,
            "description": "DO NOT USE",
            "brand": "",
            "material": "",
            "shipping_dimension_length": 0.0,
            "variation_color_value": "",
            "online_from": "2020-01-01T00:00:00Z",
            "online_to": "2020-01-01T00:00:01Z",
            "shipping_dimension_width": 0.0,
            "manufacturer": null,
            "shipping_dimension_unit": "cm",
            "external_identifiers": [
                {
                    "type": "sku",
                    "value": "DO_NOT_USE"
                }
            ],
            "variant_group_id": "DO_NOT_USE",
            "caption": "DO NOT USE",
            "variation_additional_1_value": "Custom",
            "variation_additional_1_name": "fit",
            "variation_size_value": "Custom"
        }
    ]
}