{
    "head": {
        "locale": "en-US",
        "shop": "storefront-catalog-en",
        "is_master": true,
        "searchable_attributes": [
            {
                "name": "sku",
                "path": "$.external_identifiers[?(@.type == 'sku')].value",
                "weight": 1
            },
            {
                "name": "product_id",
                "path": "$.product_id",
                "weight": 2
            }
        ]
    },
    "items": [
        {
            "brand": "Cos Bar",
            "is_searchable": true,
            "is_published": true,
            "show_in_listing": true,
            "product_id": "PGC",
            "variant_group_id": "790040182904",
            "external_identifiers": [
                {
                    "type": "sku",
                    "value": "PGC"
                }
            ],
            "title": "Cos Bar Physical Gift Card",
            "caption": "Cos Bar Physical Gift Card",
            "description": "Physical gift card for store purchases",
			"tax_class_id": "PG050000",
            "shipping_weight_unit": "lb",
            "shipping_weight_value": 0,
            "shipping_dimension_length": 0.0,
            "shipping_dimension_width": 0.0,
            "shipping_dimension_height": 0.0,
            "shipping_dimension_unit": "cm",
            "images": [
                {
                    "title": "Cos Bar Physical Gift Card",
                    "url": "https://cosbar-x-0-newstore-dmz.s3.amazonaws.com/CosBar_Logo.jpg",
                    "alt_text": "egift card"
                }
            ],
            "variation_color_value": "",
            "variation_size_value": "",
            "material": "Plastic",
            "google_category": "none",
            "categories": [
                {
                    "path": "Gift Cards",
                    "is_main": true
                }
            ],
            "extended_attributes": [
                {
                    "name": "pricebooks",
                    "value": "pgc-25,pgc-50,pgc-75,pgc-100,pgc-150,pgc-200,pgc-250,pgc-300,pgc-400,pgc-500,pgc-1000"
                },
                {
                    "name": "product_created_at",
                    "value": "2022-11-28T14:37:35-04:00"
                },
                {
                    "name": "variant_created_at",
                    "value": "2022-11-28T14:37:35-04:00"
                },
                {
                    "name": "product_updated_at",
                    "value": "2023-08-17T08:05:04-05:00"
                },
                {
                    "name": "variant_updated_at",
                    "value": "2023-08-17T08:05:04-05:00"
                },
                {
                    "name": "handle",
                    "value": "pricebooks"
                },
                {
                    "name": "product_published_at",
                    "value": "2022-11-28T14:35:49-04:00"
                },
                {
                    "name": "product_published_scope",
                    "value": "global"
                },
                {
                    "name": "fulfillment_service",
                    "value": "manual"
                },
                {
                    "name": "inventory_policy",
                    "value": "deny"
                }
            ]
        }
    ]
}