{
    "head": {
        "pricebook": "default",
        "shop": "storefront-catalog-en",
        "currency": "USD"
    },
    "items": [
        {
            "product_id": "MXC0002-FGT-L",
            "value": 55.0
        },
        {
            "product_id": "MXC0002-FGT-M",
            "value": 55.0
        },
        {
            "product_id": "MXC0002-FGT-S",
            "value": 55.0
        },
        {
            "product_id": "MXC0002-FGT-XL",
            "value": 55.0
        },
        {
            "product_id": "MXC0002-FGT-XS",
            "value": 55.0
        },
        {
            "product_id": "MXC0002-FGT-XXL",
            "value": 55.0
        },
        {
            "product_id": "MXC0002-HBT-L",
            "value": 55.0
        },
        {
            "product_id": "MXC0002-HBT-M",
            "value": 55.0
        },
        {
            "product_id": "MXC0002-HBT-S",
            "value": 55.0
        },
        {
            "product_id": "MXC0002-HBT-XL",
            "value": 55.0
        },
        {
            "product_id": "MXC0002-HBT-XS",
            "value": 55.0
        },
        {
            "product_id": "MXC0002-HBT-XXL",
            "value": 55.0
        },
        {
            "product_id": "MXC0002-NVT-L",
            "value": 55.0
        },
        {
            "product_id": "MXC0002-NVT-M",
            "value": 55.0
        },
        {
            "product_id": "MXC0002-NVT-S",
            "value": 55.0
        },
        {
            "product_id": "MXC0002-NVT-XL",
            "value": 55.0
        },
        {
            "product_id": "MXC0002-NVT-XS",
            "value": 55.0
        },
        {
            "product_id": "MXC0002-NVT-XXL",
            "value": 55.0
        },
        {
            "product_id": "MXC0001-ARB-L",
            "value": 55.0
        },
        {
            "product_id": "MXC0001-ARB-M",
            "value": 55.0
        },
        {
            "product_id": "MXC0001-ARB-S",
            "value": 55.0
        },
        {
            "product_id": "MXC0001-ARB-XL",
            "value": 55.0
        },
        {
            "product_id": "MXC0001-ARB-XS",
            "value": 55.0
        },
        {
            "product_id": "MXC0001-ARB-XXL",
            "value": 55.0
        },
        {
            "product_id": "MXC0001-CBB-L",
            "value": 55.0
        },
        {
            "product_id": "MXC0001-CBB-M",
            "value": 55.0
        },
        {
            "product_id": "MXC0001-CBB-S",
            "value": 55.0
        },
        {
            "product_id": "MXC0001-CBB-XL",
            "value": 55.0
        },
        {
            "product_id": "MXC0001-CBB-XS",
            "value": 55.0
        },
        {
            "product_id": "MXC0001-CBB-XXL",
            "value": 55.0
        },
        {
            "product_id": "MXC0001-CBF-L",
            "value": 55.0
        },
        {
            "product_id": "MXC0001-CBF-M",
            "value": 55.0
        },
        {
            "product_id": "MXC0001-CBF-S",
            "value": 55.0
        },
        {
            "product_id": "MXC0001-CBF-XL",
            "value": 55.0
        },
        {
            "product_id": "MXC0001-CBF-XS",
            "value": 55.0
        },
        {
            "product_id": "MXC0001-CBF-XXL",
            "value": 55.0
        },
        {
            "product_id": "MXC0001-RBE-XS",
            "value": 55.0
        },
        {
            "product_id": "MXC0001-RBE-S",
            "value": 55.0
        },
        {
            "product_id": "MXC0001-RBE-M",
            "value": 55.0
        },
        {
            "product_id": "MXC0001-RBE-L",
            "value": 55.0
        },
        {
            "product_id": "MXC0001-RBE-XL",
            "value": 55.0
        },
        {
            "product_id": "MXC0001-RBE-XXL",
            "value": 55.0
        },
        {
            "product_id": "MXC0001-SHP-L",
            "value": 55.0
        },
        {
            "product_id": "MXC0001-SHP-M",
            "value": 55.0
        },
        {
            "product_id": "MXC0001-SHP-S",
            "value": 55.0
        },
        {
            "product_id": "MXC0001-SHP-XL",
            "value": 55.0
        },
        {
            "product_id": "MXC0001-SHP-XS",
            "value": 55.0
        },
        {
            "product_id": "MXC0001-SHP-XXL",
            "value": 55.0
        },
        {
            "product_id": "MKH1901-RNC-L",
            "value": 55.0
        },
        {
            "product_id": "MKH1901-RNC-M",
            "value": 55.0
        },
        {
            "product_id": "MKH1901-RNC-S",
            "value": 55.0
        },
        {
            "product_id": "MKH1901-RNC-XL",
            "value": 55.0
        },
        {
            "product_id": "MKH1901-RNC-XS",
            "value": 55.0
        },
        {
            "product_id": "MKH1901-RNC-XXL",
            "value": 55.0
        },
        {
            "product_id": "MKH1902-HAR-L",
            "value": 55.0
        },
        {
            "product_id": "MKH1902-HAR-M",
            "value": 55.0
        },
        {
            "product_id": "MKH1902-HAR-S",
            "value": 55.0
        },
        {
            "product_id": "MKH1902-HAR-XL",
            "value": 55.0
        },
        {
            "product_id": "MKH1902-HAR-XS",
            "value": 55.0
        },
        {
            "product_id": "MKH1902-HAR-XXL",
            "value": 55.0
        },
        {
            "product_id": "MKH2018-CHZ-L",
            "value": 55.0
        },
        {
            "product_id": "MKH2018-CHZ-M",
            "value": 55.0
        },
        {
            "product_id": "MKH2018-CHZ-S",
            "value": 55.0
        },
        {
            "product_id": "MKH2018-CHZ-XL",
            "value": 55.0
        },
        {
            "product_id": "MKH2018-CHZ-XS",
            "value": 55.0
        },
        {
            "product_id": "MKH2018-CHZ-XXL",
            "value": 55.0
        },
        {
            "product_id": "MXH2106-ATP-XS",
            "value": 55.0
        },
        {
            "product_id": "MXH2106-ATP-S",
            "value": 55.0
        },
        {
            "product_id": "MXH2106-ATP-M",
            "value": 55.0
        },
        {
            "product_id": "MXH2106-ATP-L",
            "value": 55.0
        },
        {
            "product_id": "MXH2106-ATP-XL",
            "value": 55.0
        },
        {
            "product_id": "MXH2106-ATP-XXL",
            "value": 55.0
        },
        {
            "product_id": "MKF2041-HBT-L",
            "value": 55.0
        },
        {
            "product_id": "MKF2041-HBT-M",
            "value": 55.0
        },
        {
            "product_id": "MKF2041-HBT-S",
            "value": 55.0
        },
        {
            "product_id": "MKF2041-HBT-XL",
            "value": 55.0
        },
        {
            "product_id": "MKF2041-HBT-XS",
            "value": 55.0
        },
        {
            "product_id": "MKF2041-HBT-XXL",
            "value": 55.0
        },
        {
            "product_id": "MKF2041-LGT-L",
            "value": 55.0
        },
        {
            "product_id": "MKF2041-LGT-M",
            "value": 55.0
        },
        {
            "product_id": "MKF2041-LGT-S",
            "value": 55.0
        },
        {
            "product_id": "MKF2041-LGT-XL",
            "value": 55.0
        },
        {
            "product_id": "MKF2041-LGT-XS",
            "value": 55.0
        },
        {
            "product_id": "MKF2041-LGT-XXL",
            "value": 55.0
        },
        {
            "product_id": "MKF2041-WBO-L",
            "value": 55.0
        },
        {
            "product_id": "MKF2041-WBO-M",
            "value": 55.0
        },
        {
            "product_id": "MKF2041-WBO-S",
            "value": 55.0
        },
        {
            "product_id": "MKF2041-WBO-XL",
            "value": 55.0
        },
        {
            "product_id": "MKF2041-WBO-XS",
            "value": 55.0
        },
        {
            "product_id": "MKF2041-WBO-XXL",
            "value": 55.0
        },
        {
            "product_id": "MKF2042-CID-L",
            "value": 55.0
        },
        {
            "product_id": "MKF2042-CID-M",
            "value": 55.0
        },
        {
            "product_id": "MKF2042-CID-S",
            "value": 55.0
        },
        {
            "product_id": "MKF2042-CID-XL",
            "value": 55.0
        },
        {
            "product_id": "MKF2042-CID-XS",
            "value": 55.0
        },
        {
            "product_id": "MKF2042-CID-XXL",
            "value": 55.0
        },
        {
            "product_id": "MKF2042-HER-L",
            "value": 55.0
        },
        {
            "product_id": "MKF2042-HER-M",
            "value": 55.0
        },
        {
            "product_id": "MKF2042-HER-S",
            "value": 55.0
        },
        {
            "product_id": "MKF2042-HER-XL",
            "value": 55.0
        },
        {
            "product_id": "MKF2042-HER-XS",
            "value": 55.0
        },
        {
            "product_id": "MKF2042-HER-XXL",
            "value": 55.0
        },
        {
            "product_id": "MXH2106-DLP-L",
            "value": 55.0
        },
        {
            "product_id": "MXH2106-DLP-M",
            "value": 55.0
        },
        {
            "product_id": "MXH2106-DLP-S",
            "value": 55.0
        },
        {
            "product_id": "MXH2106-DLP-XL",
            "value": 55.0
        },
        {
            "product_id": "MXH2106-DLP-XXL",
            "value": 55.0
        },
        {
            "product_id": "MXH2109-BHN-L",
            "value": 55.0
        },
        {
            "product_id": "MXH2109-BHN-M",
            "value": 55.0
        },
        {
            "product_id": "MXH2109-BHN-S",
            "value": 55.0
        },
        {
            "product_id": "MXH2109-BHN-XL",
            "value": 55.0
        },
        {
            "product_id": "MXH2109-BHN-XXL",
            "value": 55.0
        },
        {
            "product_id": "MKF2040-ARB-L",
            "value": 55.0
        },
        {
            "product_id": "MKF2040-ARB-M",
            "value": 55.0
        },
        {
            "product_id": "MKF2040-ARB-S",
            "value": 55.0
        },
        {
            "product_id": "MKF2040-ARB-XL",
            "value": 55.0
        },
        {
            "product_id": "MKF2040-ARB-XS",
            "value": 55.0
        },
        {
            "product_id": "MKF2040-ARB-XXL",
            "value": 55.0
        },
        {
            "product_id": "MXH2107-NOB-XS",
            "value": 55.0
        },
        {
            "product_id": "MXH2107-NOB-S",
            "value": 55.0
        },
        {
            "product_id": "MXH2107-NOB-M",
            "value": 55.0
        },
        {
            "product_id": "MXH2107-NOB-L",
            "value": 55.0
        },
        {
            "product_id": "MXH2107-NOB-XL",
            "value": 55.0
        },
        {
            "product_id": "MXH2107-NOB-XXL",
            "value": 55.0
        },
        {
            "product_id": "MKF2040-OCB-L",
            "value": 55.0
        },
        {
            "product_id": "MKF2040-OCB-M",
            "value": 55.0
        },
        {
            "product_id": "MKF2040-OCB-S",
            "value": 55.0
        },
        {
            "product_id": "MKF2040-OCB-XL",
            "value": 55.0
        },
        {
            "product_id": "MKF2040-OCB-XS",
            "value": 55.0
        },
        {
            "product_id": "MKF2040-OCB-XXL",
            "value": 55.0
        },
        {
            "product_id": "MXF2105-RBE-XS",
            "value": 55.0
        },
        {
            "product_id": "MXF2105-RBE-S",
            "value": 55.0
        },
        {
            "product_id": "MXF2105-RBE-M",
            "value": 55.0
        },
        {
            "product_id": "MXF2105-RBE-L",
            "value": 55.0
        },
        {
            "product_id": "MXF2105-RBE-XL",
            "value": 55.0
        },
        {
            "product_id": "MXF2105-RBE-XXL",
            "value": 55.0
        },
        {
            "product_id": "MXH2107-TCB-XS",
            "value": 55.0
        },
        {
            "product_id": "MXH2107-TCB-S",
            "value": 55.0
        },
        {
            "product_id": "MXH2107-TCB-M",
            "value": 55.0
        },
        {
            "product_id": "MXH2107-TCB-L",
            "value": 55.0
        },
        {
            "product_id": "MXH2107-TCB-XL",
            "value": 55.0
        },
        {
            "product_id": "MXH2107-TCB-XXL",
            "value": 55.0
        },
        {
            "product_id": "MXH2106-DLP-XS",
            "value": 55.0
        },
        {
            "product_id": "MXH2106-DLP-S",
            "value": 55.0
        },
        {
            "product_id": "MXH2106-DLP-M",
            "value": 55.0
        },
        {
            "product_id": "MXH2106-DLP-L",
            "value": 55.0
        },
        {
            "product_id": "MXH2106-DLP-XL",
            "value": 55.0
        },
        {
            "product_id": "MXH2106-DLP-XXL",
            "value": 55.0
        },
        {
            "product_id": "MXH2109-BHN-XS",
            "value": 55.0
        },
        {
            "product_id": "MXH2109-BHN-S",
            "value": 55.0
        },
        {
            "product_id": "MXH2109-BHN-M",
            "value": 55.0
        },
        {
            "product_id": "MXH2109-BHN-L",
            "value": 55.0
        },
        {
            "product_id": "MXH2109-BHN-XL",
            "value": 55.0
        },
        {
            "product_id": "MXH2109-BHN-XXL",
            "value": 55.0
        },
        {
            "product_id": "MXC0002-FGT-XS",
            "value": 55.0
        },
        {
            "product_id": "MXC0002-FGT-S",
            "value": 55.0
        },
        {
            "product_id": "MXC0002-FGT-M",
            "value": 55.0
        },
        {
            "product_id": "MXC0002-FGT-L",
            "value": 55.0
        },
        {
            "product_id": "MXC0002-FGT-XL",
            "value": 55.0
        },
        {
            "product_id": "MXC0002-FGT-XXL",
            "value": 55.0
        },
        {
            "product_id": "MXF2105-BZP-XS",
            "value": 55.0
        },
        {
            "product_id": "MXF2105-BZP-S",
            "value": 55.0
        },
        {
            "product_id": "MXF2105-BZP-M",
            "value": 55.0
        },
        {
            "product_id": "MXF2105-BZP-L",
            "value": 55.0
        },
        {
            "product_id": "MXF2105-BZP-XL",
            "value": 55.0
        },
        {
            "product_id": "MXF2105-BZP-XXL",
            "value": 55.0
        },
        {
            "product_id": "MXF2105-CPD-XS",
            "value": 55.0
        },
        {
            "product_id": "MXF2105-CPD-S",
            "value": 55.0
        },
        {
            "product_id": "MXF2105-CPD-M",
            "value": 55.0
        },
        {
            "product_id": "MXF2105-CPD-L",
            "value": 55.0
        },
        {
            "product_id": "MXF2105-CPD-XL",
            "value": 55.0
        },
        {
            "product_id": "MXF2105-CPD-XXL",
            "value": 55.0
        },
        {
            "product_id": "MXC0002-WBT-XS",
            "value": 55.0
        },
        {
            "product_id": "MXC0002-WBT-S",
            "value": 55.0
        },
        {
            "product_id": "MXC0002-WBT-M",
            "value": 55.0
        },
        {
            "product_id": "MXC0002-WBT-L",
            "value": 55.0
        },
        {
            "product_id": "MXC0002-WBT-XL",
            "value": 55.0
        },
        {
            "product_id": "MXC0002-WBT-XXL",
            "value": 55.0
        },
        {
            "product_id": "MXC0002-PWT-XS",
            "value": 55.0
        },
        {
            "product_id": "MXC0002-PWT-S",
            "value": 55.0
        },
        {
            "product_id": "MXC0002-PWT-M",
            "value": 55.0
        },
        {
            "product_id": "MXC0002-PWT-L",
            "value": 55.0
        },
        {
            "product_id": "MXC0002-PWT-XL",
            "value": 55.0
        },
        {
            "product_id": "MXC0002-PWT-XXL",
            "value": 55.0
        },
        {
            "product_id": "MXC0002-NVT-XS",
            "value": 55.0
        },
        {
            "product_id": "MXC0002-NVT-S",
            "value": 55.0
        },
        {
            "product_id": "MXC0002-NVT-M",
            "value": 55.0
        },
        {
            "product_id": "MXC0002-NVT-L",
            "value": 55.0
        },
        {
            "product_id": "MXC0002-NVT-XL",
            "value": 55.0
        },
        {
            "product_id": "MXC0002-NVT-XXL",
            "value": 55.0
        },
        {
            "product_id": "MXC0002-OFW-XS",
            "value": 55.0
        },
        {
            "product_id": "MXC0002-OFW-S",
            "value": 55.0
        },
        {
            "product_id": "MXC0002-OFW-M",
            "value": 55.0
        },
        {
            "product_id": "MXC0002-OFW-L",
            "value": 55.0
        },
        {
            "product_id": "MXC0002-OFW-XL",
            "value": 55.0
        },
        {
            "product_id": "MXC0002-OFW-XXL",
            "value": 55.0
        },
        {
            "product_id": "MXC0001-CBF-XS",
            "value": 55.0
        },
        {
            "product_id": "MXC0001-CBF-S",
            "value": 55.0
        },
        {
            "product_id": "MXC0001-CBF-M",
            "value": 55.0
        },
        {
            "product_id": "MXC0001-CBF-L",
            "value": 55.0
        },
        {
            "product_id": "MXC0001-CBF-XL",
            "value": 55.0
        },
        {
            "product_id": "MXC0001-CBF-XXL",
            "value": 55.0
        },
        {
            "product_id": "MXF2105-TUN-XS",
            "value": 55.0
        },
        {
            "product_id": "MXF2105-TUN-S",
            "value": 55.0
        },
        {
            "product_id": "MXF2105-TUN-M",
            "value": 55.0
        },
        {
            "product_id": "MXF2105-TUN-L",
            "value": 55.0
        },
        {
            "product_id": "MXF2105-TUN-XL",
            "value": 55.0
        },
        {
            "product_id": "MXF2105-TUN-XXL",
            "value": 55.0
        },
        {
            "product_id": "MXC0002-HBT-XS",
            "value": 55.0
        },
        {
            "product_id": "MXC0002-HBT-S",
            "value": 55.0
        },
        {
            "product_id": "MXC0002-HBT-M",
            "value": 55.0
        },
        {
            "product_id": "MXC0002-HBT-L",
            "value": 55.0
        },
        {
            "product_id": "MXC0002-HBT-XL",
            "value": 55.0
        },
        {
            "product_id": "MXC0002-HBT-XXL",
            "value": 55.0
        },
        {
            "product_id": "MXC0001-ARB-XS",
            "value": 55.0
        },
        {
            "product_id": "MXC0001-ARB-S",
            "value": 55.0
        },
        {
            "product_id": "MXC0001-ARB-M",
            "value": 55.0
        },
        {
            "product_id": "MXC0001-ARB-L",
            "value": 55.0
        },
        {
            "product_id": "MXC0001-ARB-XL",
            "value": 55.0
        },
        {
            "product_id": "MXC0001-ARB-XXL",
            "value": 55.0
        },
        {
            "product_id": "MXC0001-SHP-XS",
            "value": 55.0
        },
        {
            "product_id": "MXC0001-SHP-S",
            "value": 55.0
        },
        {
            "product_id": "MXC0001-SHP-M",
            "value": 55.0
        },
        {
            "product_id": "MXC0001-SHP-L",
            "value": 55.0
        },
        {
            "product_id": "MXC0001-SHP-XL",
            "value": 55.0
        },
        {
            "product_id": "MXC0001-SHP-XXL",
            "value": 55.0
        },
        {
            "product_id": "MXC0001-CBB-XS",
            "value": 55.0
        },
        {
            "product_id": "MXC0001-CBB-S",
            "value": 55.0
        },
        {
            "product_id": "MXC0001-CBB-M",
            "value": 55.0
        },
        {
            "product_id": "MXC0001-CBB-L",
            "value": 55.0
        },
        {
            "product_id": "MXC0001-CBB-XL",
            "value": 55.0
        },
        {
            "product_id": "MXC0001-CBB-XXL",
            "value": 55.0
        },
        {
            "product_id": "MKF2042-CID-XS",
            "value": 55.0
        },
        {
            "product_id": "MKF2042-CID-S",
            "value": 55.0
        },
        {
            "product_id": "MKF2042-CID-M",
            "value": 55.0
        },
        {
            "product_id": "MKF2042-CID-L",
            "value": 55.0
        },
        {
            "product_id": "MKF2042-CID-XL",
            "value": 55.0
        },
        {
            "product_id": "MKF2042-CID-XXL",
            "value": 55.0
        },
        {
            "product_id": "MKF2040-OCB-XS",
            "value": 55.0
        },
        {
            "product_id": "MKF2040-OCB-S",
            "value": 55.0
        },
        {
            "product_id": "MKF2040-OCB-M",
            "value": 55.0
        },
        {
            "product_id": "MKF2040-OCB-L",
            "value": 55.0
        },
        {
            "product_id": "MKF2040-OCB-XL",
            "value": 55.0
        },
        {
            "product_id": "MKF2040-OCB-XXL",
            "value": 55.0
        },
        {
            "product_id": "MKF2041-WBO-XS",
            "value": 55.0
        },
        {
            "product_id": "MKF2041-WBO-S",
            "value": 55.0
        },
        {
            "product_id": "MKF2041-WBO-M",
            "value": 55.0
        },
        {
            "product_id": "MKF2041-WBO-L",
            "value": 55.0
        },
        {
            "product_id": "MKF2041-WBO-XL",
            "value": 55.0
        },
        {
            "product_id": "MKF2041-WBO-XXL",
            "value": 55.0
        },
        {
            "product_id": "MKH2018-CHZ-XS",
            "value": 55.0
        },
        {
            "product_id": "MKH2018-CHZ-S",
            "value": 55.0
        },
        {
            "product_id": "MKH2018-CHZ-M",
            "value": 55.0
        },
        {
            "product_id": "MKH2018-CHZ-L",
            "value": 55.0
        },
        {
            "product_id": "MKH2018-CHZ-XL",
            "value": 55.0
        },
        {
            "product_id": "MKH2018-CHZ-XXL",
            "value": 55.0
        },
        {
            "product_id": "MKF2040-NOB-XS",
            "value": 55.0
        },
        {
            "product_id": "MKF2040-NOB-S",
            "value": 55.0
        },
        {
            "product_id": "MKF2040-NOB-M",
            "value": 55.0
        },
        {
            "product_id": "MKF2040-NOB-L",
            "value": 55.0
        },
        {
            "product_id": "MKF2040-NOB-XL",
            "value": 55.0
        },
        {
            "product_id": "MKF2040-NOB-XXL",
            "value": 55.0
        },
        {
            "product_id": "MKF2040-ARB-XS",
            "value": 55.0
        },
        {
            "product_id": "MKF2040-ARB-S",
            "value": 55.0
        },
        {
            "product_id": "MKF2040-ARB-M",
            "value": 55.0
        },
        {
            "product_id": "MKF2040-ARB-L",
            "value": 55.0
        },
        {
            "product_id": "MKF2040-ARB-XL",
            "value": 55.0
        },
        {
            "product_id": "MKF2040-ARB-XXL",
            "value": 55.0
        },
        {
            "product_id": "MXS2104-SRP",
            "value": 55.0
        },
        {
            "product_id": "MXS2104-SRP",
            "value": 55.0
        },
        {
            "product_id": "MXS2104-SRP",
            "value": 55.0
        },
        {
            "product_id": "MXS2104-SRP",
            "value": 55.0
        },
        {
            "product_id": "MXS2104-SRP",
            "value": 55.0
        },
        {
            "product_id": "MXS2104-SRP",
            "value": 55.0
        },
        {
            "product_id": "MKF2042-HER-XS",
            "value": 55.0
        },
        {
            "product_id": "MKF2042-HER-S",
            "value": 55.0
        },
        {
            "product_id": "MKF2042-HER-M",
            "value": 55.0
        },
        {
            "product_id": "MKF2042-HER-L",
            "value": 55.0
        },
        {
            "product_id": "MKF2042-HER-XL",
            "value": 55.0
        },
        {
            "product_id": "MKF2042-HER-XXL",
            "value": 55.0
        },
        {
            "product_id": "MKF2040-TCB-XS",
            "value": 55.0
        },
        {
            "product_id": "MKF2040-TCB-S",
            "value": 55.0
        },
        {
            "product_id": "MKF2040-TCB-M",
            "value": 55.0
        },
        {
            "product_id": "MKF2040-TCB-L",
            "value": 55.0
        },
        {
            "product_id": "MKF2040-TCB-XL",
            "value": 55.0
        },
        {
            "product_id": "MKF2040-TCB-XXL",
            "value": 55.0
        },
        {
            "product_id": "MXS2105-SHP",
            "value": 55.0
        },
        {
            "product_id": "MXS2105-SHP",
            "value": 55.0
        },
        {
            "product_id": "MXS2105-SHP",
            "value": 55.0
        },
        {
            "product_id": "MXS2105-SHP",
            "value": 55.0
        },
        {
            "product_id": "MXS2105-SHP",
            "value": 55.0
        },
        {
            "product_id": "MXS2105-SHP",
            "value": 55.0
        },
        {
            "product_id": "MXS2105-GCP",
            "value": 55.0
        },
        {
            "product_id": "MXS2105-GCP",
            "value": 55.0
        },
        {
            "product_id": "MXS2105-GCP",
            "value": 55.0
        },
        {
            "product_id": "MXS2105-GCP",
            "value": 55.0
        },
        {
            "product_id": "MXS2105-GCP",
            "value": 55.0
        },
        {
            "product_id": "MXS2105-GCP",
            "value": 55.0
        }
    ]
}