{
    "head": {
        "locale": "en-US",
        "catalog": "storefront-catalog-en",
        "is_master": true
    },
    "items": [
        {
            "product_id": "8809685795810",
            "keywords": [],
            "images": [
                {
                    "url":"https://res.cloudinary.com/db0zftggw/image/upload/q_auto:best,f_auto,h_200/v1682346470/p/faherty/49899fa4e36c0342739b8133c494ffab.jpg",
                    "title": "DO NOT USE",
                    "is_main": true,
                    "alt_text": "DO NOT USE",
                    "dominant_color": "#E66163",
                    "width": 454,
                    "height": 278,
                    "aspect_ratio": 1.6330935
                }
            ],
            "shipping_weight_unit": "lb",
            "is_searchable": false,
            "is_available": false,
            "show_in_listing": false,
            "extended_attributes": [],
            "title": "DO NOT USE",
            "shipping_weight_value": 0.00,
            "tax_class_id": "",
            "categories": [],
            "shipping_dimension_height": 0.00,
            "description": "DO NOT USE",
            "brand": "",
            "material": "",
            "shipping_dimension_length": 0.00,
            "variation_color_value": "",
            "online_from": "2020-01-01T00:00:00Z",
            "online_to": "2020-01-01T00:00:01Z",
            "shipping_dimension_width": 0.00,
            "manufacturer": null,
            "shipping_dimension_unit": "cm",
            "external_identifiers": [
                {
                    "type": "sku",
                    "value": "DO_NOT_USE"
                }
            ],
            "variant_group_id": "DO_NOT_USE",
            "caption": "DO NOT USE",
            "variation_additional_1_value": "Custom",
            "variation_additional_1_name": "fit",
            "variation_size_value": "Custom"
        },
        {
            "product_id": "716170323282",
            "keywords": [],
            "images": [
                {
                    "url":"https://res.cloudinary.com/db0zftggw/image/upload/q_auto:best,f_auto,h_200/v1682346470/p/faherty/49899fa4e36c0342739b8133c494ffab.jpg",
                    "title": "DO NOT USE",
                    "is_main": true,
                    "alt_text": "DO NOT USE",
                    "dominant_color": "#E66163",
                    "width": 454,
                    "height": 278,
                    "aspect_ratio": 1.6330935
                }
            ],
            "shipping_weight_unit": "lb",
            "is_searchable": false,
            "is_available": false,
            "show_in_listing": false,
            "extended_attributes": [],
            "title": "DO NOT USE",
            "shipping_weight_value": 0.00,
            "tax_class_id": "",
            "categories": [],
            "shipping_dimension_height": 0.00,
            "description": "DO NOT USE",
            "brand": "",
            "material": "",
            "shipping_dimension_length": 0.00,
            "variation_color_value": "",
            "online_from": "2020-01-01T00:00:00Z",
            "online_to": "2020-01-01T00:00:01Z",
            "shipping_dimension_width": 0.00,
            "manufacturer": null,
            "shipping_dimension_unit": "cm",
            "external_identifiers": [
                {
                    "type": "sku",
                    "value": "DO_NOT_USE"
                }
            ],
            "variant_group_id": "DO_NOT_USE",
            "caption": "DO NOT USE",
            "variation_additional_1_value": "Custom",
            "variation_additional_1_name": "fit",
            "variation_size_value": "Custom"
        },
        {
            "product_id": "716170323299",
            "keywords": [],
            "images": [
                {
                    "url":"https://res.cloudinary.com/db0zftggw/image/upload/q_auto:best,f_auto,h_200/v1682346470/p/faherty/49899fa4e36c0342739b8133c494ffab.jpg",
                    "title": "DO NOT USE",
                    "is_main": true,
                    "alt_text": "DO NOT USE",
                    "dominant_color": "#E66163",
                    "width": 454,
                    "height": 278,
                    "aspect_ratio": 1.6330935
                }
            ],
            "shipping_weight_unit": "lb",
            "is_searchable": false,
            "is_available": false,
            "show_in_listing": false,
            "extended_attributes": [],
            "title": "DO NOT USE",
            "shipping_weight_value": 0.00,
            "tax_class_id": "",
            "categories": [],
            "shipping_dimension_height": 0.00,
            "description": "DO NOT USE",
            "brand": "",
            "material": "",
            "shipping_dimension_length": 0.00,
            "variation_color_value": "",
            "online_from": "2020-01-01T00:00:00Z",
            "online_to": "2020-01-01T00:00:01Z",
            "shipping_dimension_width": 0.00,
            "manufacturer": null,
            "shipping_dimension_unit": "cm",
            "external_identifiers": [
                {
                    "type": "sku",
                    "value": "DO_NOT_USE"
                }
            ],
            "variant_group_id": "DO_NOT_USE",
            "caption": "DO NOT USE",
            "variation_additional_1_value": "Custom",
            "variation_additional_1_name": "fit",
            "variation_size_value": "Custom"
        },
        {
            "product_id": "716170258942",
            "keywords": [],
            "images": [
                {
                    "url":"https://res.cloudinary.com/db0zftggw/image/upload/q_auto:best,f_auto,h_200/v1682346470/p/faherty/49899fa4e36c0342739b8133c494ffab.jpg",
                    "title": "DO NOT USE",
                    "is_main": true,
                    "alt_text": "DO NOT USE",
                    "dominant_color": "#E66163",
                    "width": 454,
                    "height": 278,
                    "aspect_ratio": 1.6330935
                }
            ],
            "shipping_weight_unit": "lb",
            "is_searchable": false,
            "is_available": false,
            "show_in_listing": false,
            "extended_attributes": [],
            "title": "DO NOT USE",
            "shipping_weight_value": 0.00,
            "tax_class_id": "",
            "categories": [],
            "shipping_dimension_height": 0.00,
            "description": "DO NOT USE",
            "brand": "",
            "material": "",
            "shipping_dimension_length": 0.00,
            "variation_color_value": "",
            "online_from": "2020-01-01T00:00:00Z",
            "online_to": "2020-01-01T00:00:01Z",
            "shipping_dimension_width": 0.00,
            "manufacturer": null,
            "shipping_dimension_unit": "cm",
            "external_identifiers": [
                {
                    "type": "sku",
                    "value": "DO_NOT_USE"
                }
            ],
            "variant_group_id": "DO_NOT_USE",
            "caption": "DO NOT USE",
            "variation_additional_1_value": "Custom",
            "variation_additional_1_name": "fit",
            "variation_size_value": "Custom"
        },
        {
            "product_id": "3700431443281",
            "keywords": [],
            "images": [
                {
                    "url":"https://res.cloudinary.com/db0zftggw/image/upload/q_auto:best,f_auto,h_200/v1682346470/p/faherty/49899fa4e36c0342739b8133c494ffab.jpg",
                    "title": "DO NOT USE",
                    "is_main": true,
                    "alt_text": "DO NOT USE",
                    "dominant_color": "#E66163",
                    "width": 454,
                    "height": 278,
                    "aspect_ratio": 1.6330935
                }
            ],
            "shipping_weight_unit": "lb",
            "is_searchable": false,
            "is_available": false,
            "show_in_listing": false,
            "extended_attributes": [],
            "title": "DO NOT USE",
            "shipping_weight_value": 0.00,
            "tax_class_id": "",
            "categories": [],
            "shipping_dimension_height": 0.00,
            "description": "DO NOT USE",
            "brand": "",
            "material": "",
            "shipping_dimension_length": 0.00,
            "variation_color_value": "",
            "online_from": "2020-01-01T00:00:00Z",
            "online_to": "2020-01-01T00:00:01Z",
            "shipping_dimension_width": 0.00,
            "manufacturer": null,
            "shipping_dimension_unit": "cm",
            "external_identifiers": [
                {
                    "type": "sku",
                    "value": "DO_NOT_USE"
                }
            ],
            "variant_group_id": "DO_NOT_USE",
            "caption": "DO NOT USE",
            "variation_additional_1_value": "Custom",
            "variation_additional_1_name": "fit",
            "variation_size_value": "Custom"
        },
        {
            "product_id": "4015165326038",
            "keywords": [],
            "images": [
                {
                    "url":"https://res.cloudinary.com/db0zftggw/image/upload/q_auto:best,f_auto,h_200/v1682346470/p/faherty/49899fa4e36c0342739b8133c494ffab.jpg",
                    "title": "DO NOT USE",
                    "is_main": true,
                    "alt_text": "DO NOT USE",
                    "dominant_color": "#E66163",
                    "width": 454,
                    "height": 278,
                    "aspect_ratio": 1.6330935
                }
            ],
            "shipping_weight_unit": "lb",
            "is_searchable": false,
            "is_available": false,
            "show_in_listing": false,
            "extended_attributes": [],
            "title": "DO NOT USE",
            "shipping_weight_value": 0.00,
            "tax_class_id": "",
            "categories": [],
            "shipping_dimension_height": 0.00,
            "description": "DO NOT USE",
            "brand": "",
            "material": "",
            "shipping_dimension_length": 0.00,
            "variation_color_value": "",
            "online_from": "2020-01-01T00:00:00Z",
            "online_to": "2020-01-01T00:00:01Z",
            "shipping_dimension_width": 0.00,
            "manufacturer": null,
            "shipping_dimension_unit": "cm",
            "external_identifiers": [
                {
                    "type": "sku",
                    "value": "DO_NOT_USE"
                }
            ],
            "variant_group_id": "DO_NOT_USE",
            "caption": "DO NOT USE",
            "variation_additional_1_value": "Custom",
            "variation_additional_1_name": "fit",
            "variation_size_value": "Custom"
        },
        {
            "product_id": "856213004010",
            "keywords": [],
            "images": [
                {
                    "url":"https://res.cloudinary.com/db0zftggw/image/upload/q_auto:best,f_auto,h_200/v1682346470/p/faherty/49899fa4e36c0342739b8133c494ffab.jpg",
                    "title": "DO NOT USE",
                    "is_main": true,
                    "alt_text": "DO NOT USE",
                    "dominant_color": "#E66163",
                    "width": 454,
                    "height": 278,
                    "aspect_ratio": 1.6330935
                }
            ],
            "shipping_weight_unit": "lb",
            "is_searchable": false,
            "is_available": false,
            "show_in_listing": false,
            "extended_attributes": [],
            "title": "DO NOT USE",
            "shipping_weight_value": 0.00,
            "tax_class_id": "",
            "categories": [],
            "shipping_dimension_height": 0.00,
            "description": "DO NOT USE",
            "brand": "",
            "material": "",
            "shipping_dimension_length": 0.00,
            "variation_color_value": "",
            "online_from": "2020-01-01T00:00:00Z",
            "online_to": "2020-01-01T00:00:01Z",
            "shipping_dimension_width": 0.00,
            "manufacturer": null,
            "shipping_dimension_unit": "cm",
            "external_identifiers": [
                {
                    "type": "sku",
                    "value": "DO_NOT_USE"
                }
            ],
            "variant_group_id": "DO_NOT_USE",
            "caption": "DO NOT USE",
            "variation_additional_1_value": "Custom",
            "variation_additional_1_name": "fit",
            "variation_size_value": "Custom"
        },
        {
            "product_id": "840732124243",
            "keywords": [],
            "images": [
                {
                    "url":"https://res.cloudinary.com/db0zftggw/image/upload/q_auto:best,f_auto,h_200/v1682346470/p/faherty/49899fa4e36c0342739b8133c494ffab.jpg",
                    "title": "DO NOT USE",
                    "is_main": true,
                    "alt_text": "DO NOT USE",
                    "dominant_color": "#E66163",
                    "width": 454,
                    "height": 278,
                    "aspect_ratio": 1.6330935
                }
            ],
            "shipping_weight_unit": "lb",
            "is_searchable": false,
            "is_available": false,
            "show_in_listing": false,
            "extended_attributes": [],
            "title": "DO NOT USE",
            "shipping_weight_value": 0.00,
            "tax_class_id": "",
            "categories": [],
            "shipping_dimension_height": 0.00,
            "description": "DO NOT USE",
            "brand": "",
            "material": "",
            "shipping_dimension_length": 0.00,
            "variation_color_value": "",
            "online_from": "2020-01-01T00:00:00Z",
            "online_to": "2020-01-01T00:00:01Z",
            "shipping_dimension_width": 0.00,
            "manufacturer": null,
            "shipping_dimension_unit": "cm",
            "external_identifiers": [
                {
                    "type": "sku",
                    "value": "DO_NOT_USE"
                }
            ],
            "variant_group_id": "DO_NOT_USE",
            "caption": "DO NOT USE",
            "variation_additional_1_value": "Custom",
            "variation_additional_1_name": "fit",
            "variation_size_value": "Custom"
        },
        {
            "product_id": "5999556680949",
            "keywords": [],
            "images": [
                {
                    "url":"https://res.cloudinary.com/db0zftggw/image/upload/q_auto:best,f_auto,h_200/v1682346470/p/faherty/49899fa4e36c0342739b8133c494ffab.jpg",
                    "title": "DO NOT USE",
                    "is_main": true,
                    "alt_text": "DO NOT USE",
                    "dominant_color": "#E66163",
                    "width": 454,
                    "height": 278,
                    "aspect_ratio": 1.6330935
                }
            ],
            "shipping_weight_unit": "lb",
            "is_searchable": false,
            "is_available": false,
            "show_in_listing": false,
            "extended_attributes": [],
            "title": "DO NOT USE",
            "shipping_weight_value": 0.00,
            "tax_class_id": "",
            "categories": [],
            "shipping_dimension_height": 0.00,
            "description": "DO NOT USE",
            "brand": "",
            "material": "",
            "shipping_dimension_length": 0.00,
            "variation_color_value": "",
            "online_from": "2020-01-01T00:00:00Z",
            "online_to": "2020-01-01T00:00:01Z",
            "shipping_dimension_width": 0.00,
            "manufacturer": null,
            "shipping_dimension_unit": "cm",
            "external_identifiers": [
                {
                    "type": "sku",
                    "value": "DO_NOT_USE"
                }
            ],
            "variant_group_id": "DO_NOT_USE",
            "caption": "DO NOT USE",
            "variation_additional_1_value": "Custom",
            "variation_additional_1_name": "fit",
            "variation_size_value": "Custom"
        },
        {
            "product_id": "3700578502605",
            "keywords": [],
            "images": [
                {
                    "url":"https://res.cloudinary.com/db0zftggw/image/upload/q_auto:best,f_auto,h_200/v1682346470/p/faherty/49899fa4e36c0342739b8133c494ffab.jpg",
                    "title": "DO NOT USE",
                    "is_main": true,
                    "alt_text": "DO NOT USE",
                    "dominant_color": "#E66163",
                    "width": 454,
                    "height": 278,
                    "aspect_ratio": 1.6330935
                }
            ],
            "shipping_weight_unit": "lb",
            "is_searchable": false,
            "is_available": false,
            "show_in_listing": false,
            "extended_attributes": [],
            "title": "DO NOT USE",
            "shipping_weight_value": 0.00,
            "tax_class_id": "",
            "categories": [],
            "shipping_dimension_height": 0.00,
            "description": "DO NOT USE",
            "brand": "",
            "material": "",
            "shipping_dimension_length": 0.00,
            "variation_color_value": "",
            "online_from": "2020-01-01T00:00:00Z",
            "online_to": "2020-01-01T00:00:01Z",
            "shipping_dimension_width": 0.00,
            "manufacturer": null,
            "shipping_dimension_unit": "cm",
            "external_identifiers": [
                {
                    "type": "sku",
                    "value": "DO_NOT_USE"
                }
            ],
            "variant_group_id": "DO_NOT_USE",
            "caption": "DO NOT USE",
            "variation_additional_1_value": "Custom",
            "variation_additional_1_name": "fit",
            "variation_size_value": "Custom"
        },
        {
            "product_id": "3700578504852",
            "keywords": [],
            "images": [
                {
                    "url":"https://res.cloudinary.com/db0zftggw/image/upload/q_auto:best,f_auto,h_200/v1682346470/p/faherty/49899fa4e36c0342739b8133c494ffab.jpg",
                    "title": "DO NOT USE",
                    "is_main": true,
                    "alt_text": "DO NOT USE",
                    "dominant_color": "#E66163",
                    "width": 454,
                    "height": 278,
                    "aspect_ratio": 1.6330935
                }
            ],
            "shipping_weight_unit": "lb",
            "is_searchable": false,
            "is_available": false,
            "show_in_listing": false,
            "extended_attributes": [],
            "title": "DO NOT USE",
            "shipping_weight_value": 0.00,
            "tax_class_id": "",
            "categories": [],
            "shipping_dimension_height": 0.00,
            "description": "DO NOT USE",
            "brand": "",
            "material": "",
            "shipping_dimension_length": 0.00,
            "variation_color_value": "",
            "online_from": "2020-01-01T00:00:00Z",
            "online_to": "2020-01-01T00:00:01Z",
            "shipping_dimension_width": 0.00,
            "manufacturer": null,
            "shipping_dimension_unit": "cm",
            "external_identifiers": [
                {
                    "type": "sku",
                    "value": "DO_NOT_USE"
                }
            ],
            "variant_group_id": "DO_NOT_USE",
            "caption": "DO NOT USE",
            "variation_additional_1_value": "Custom",
            "variation_additional_1_name": "fit",
            "variation_size_value": "Custom"
        },
        {
            "product_id": "24932400530",
            "keywords": [],
            "images": [
                {
                    "url":"https://res.cloudinary.com/db0zftggw/image/upload/q_auto:best,f_auto,h_200/v1682346470/p/faherty/49899fa4e36c0342739b8133c494ffab.jpg",
                    "title": "DO NOT USE",
                    "is_main": true,
                    "alt_text": "DO NOT USE",
                    "dominant_color": "#E66163",
                    "width": 454,
                    "height": 278,
                    "aspect_ratio": 1.6330935
                }
            ],
            "shipping_weight_unit": "lb",
            "is_searchable": false,
            "is_available": false,
            "show_in_listing": false,
            "extended_attributes": [],
            "title": "DO NOT USE",
            "shipping_weight_value": 0.00,
            "tax_class_id": "",
            "categories": [],
            "shipping_dimension_height": 0.00,
            "description": "DO NOT USE",
            "brand": "",
            "material": "",
            "shipping_dimension_length": 0.00,
            "variation_color_value": "",
            "online_from": "2020-01-01T00:00:00Z",
            "online_to": "2020-01-01T00:00:01Z",
            "shipping_dimension_width": 0.00,
            "manufacturer": null,
            "shipping_dimension_unit": "cm",
            "external_identifiers": [
                {
                    "type": "sku",
                    "value": "DO_NOT_USE"
                }
            ],
            "variant_group_id": "DO_NOT_USE",
            "caption": "DO NOT USE",
            "variation_additional_1_value": "Custom",
            "variation_additional_1_name": "fit",
            "variation_size_value": "Custom"
        }
    ]
}