{
  "head": {
    "catalog": "storefront-catalog-en",
    "locale": "en-US",
    "is_master": true
  },
  "items": [
    {
      "is_searchable": true,
      "is_published": true,
      "show_in_listing": true,
      "product_id": "851367006064",
      "variant_group_id": "851367006064",
      "brand": "Zip Beauty",
      "title": "Crystal Gel",
      "caption": "Crystal Gel",
      "description": "Choose Crystal Gel when you want a formula that delivers extra radiance and repair and is made with organic ingredients. Crystal Gel is powered by three powerhouse actives: Glutathione, an amino acid that gives an otherworldly glow to skin, a topical collagen made from Veronica flower, and Cedar Bark extract for damage repair and prevention from environmental stress. Crystal Gel is silicone-free, oil-free, paraben-free, phthalate-free, fragrance-free, and 100% vegan. The Crystal Gel bottle is recyclable.",
      "tax_class_id": "standard",
      "keywords": [
        "Crystal Gel",
        "Gel",
        "Zip Beauty",
        "price_tag:$50 - $100",
        "product_type:Other"
      ],
      "shipping_weight_unit": "kg",
      "shipping_weight_value": 0.3,
      "shipping_dimension_unit": "cm",
      "images": [
        {
          "internal_dimension_width": 900,
          "internal_dimension_height": 900,
          "url": "https://cdn.shopify.com/s/files/1/0618/7116/1562/products/851367006064_900x.png?v=1663854875"
        }
      ],
      "external_identifiers": [
        {
          "type": "sku",
          "value": "851367006064"
        },
        {
          "type": "upc",
          "value": "851367006064"
        },
        {
          "type": "isbn",
          "value": "851367006064"
        },
        {
          "type": "ean13",
          "value": "851367006064"
        }
      ],
      "extended_attributes": [
        {
          "name": "product_handle",
          "value": "Crystal-Gel-851367006064"
        },
        {
          "name": "shopify_variant_id",
          "value": "851367006064"
        }
      ],
      "categories": [
        {
          "path": "default"
        }
      ]
    }
  ]
}