{
    "head": {
        "locale": "en-us",
        "shop": "storefront-catalog-en",
        "is_master": true
    },
    "items": [
        {
            "brand": "",
            "is_searchable": true,
            "is_published": true,
            "show_in_listing": false,
            "is_active": true,
            "product_id": "PGC",
            "variant_group_id":"5500000-000",
            "tax_class_id":"PG050000",
            "shipping_weight_value": 0,
            "shipping_weight_unit": "lb",
            "external_identifiers": [
                {
                    "type": "sku",
                    "value": "PGC"
                },
                {
					"type": "upc",
					"value": "PGC"
				}
				
            ],
            "title": "Cos Bar Physical Gift Card",
            "caption": "virtual_giftcard",
            
            "categories": [
                 {
					"is_main": false,
					"path": "All",
					"path_separator": " > "
				},
				{
					"is_main": true,
					"path": "All > Gift Card",
					"path_separator": " > "
				}
            ],
            "extended_attributes": [
                {
                    "name": "fulfillment_service",
                    "value": "manual"
                },
                {
                    "name": "handle",
                    "value": "newstore-gift-card"
                },
                {
                    "name": "inventory_policy",
                    "value": "deny"
                },
                {
                    "name": "pricebooks",
                    "value": "pgc-25,pgc-50,pgc-75,pgc-100,pgc-150,pgc-200,pgc-250,pgc-300,pgc-400,pgc-500,pgc-1000"
                },
                {
                    "name": "published_scope",
                    "value": "global"
                }
            ],
            "description": "Physical Gift Card for online and store purchases",
            "serialized_inventory": false,
            "images": [
                {
                    "title": "Cos Bar Physical Gift Card",
                    "url": "https://cosbar-x-0-newstore-dmz.s3.amazonaws.com/CosBar_Logo.jpg",
                    "alt_text": "egift card"
                }
            ]
        }
    ]
}