{
  "head": {
    "store_mapping": [
      {
        "fulfillment_node_id": "RTL PHX",
        "store_id": null
      },
      {
        "fulfillment_node_id": "AZSTOREDMG",
        "store_id": null
      },
      {
        "fulfillment_node_id": "HWSTOREDMG",
        "store_id": null
      },
      {
        "fulfillment_node_id": "HQSTOREDMG",
        "store_id": null
      }
    ],
    "mode": "atp"
  },
  "items": [
    {
      "product_id": "58028",
      "quantity": 0,
      "fulfillment_node_id": "RTL PHX"
    },
    {
      "product_id": "58028",
      "quantity": 0,
      "fulfillment_node_id": "AZSTOREDMG"
    },
    {
      "product_id": "58028",
      "quantity": 0,
      "fulfillment_node_id": "HWSTOREDMG"
    },
    {
      "product_id": "58028",
      "quantity": 0,
      "fulfillment_node_id": "HQSTOREDMG"
    }
  ]
}