{
    "head": {
        "store_mapping": [
            {
                "store_id": "0002",
                "fulfillment_node_id": "0002"
            }
        ],
        "mode": "atp"
    },
    "items": [
        {
            "product_id": "24932400530",
            "quantity": 0,
            "fulfillment_node_id": "0002"
        },
        {
            "product_id": "729238153011",
            "quantity": 0,
            "fulfillment_node_id": "0002"
        },
        {
            "product_id": "813269021705",
            "quantity": 0,
            "fulfillment_node_id": "0002"
        },
        {
            "product_id": "840035220536",
            "quantity": 0,
            "fulfillment_node_id": "0002"
        },
        {
            "product_id": "856213004010",
            "quantity": 0,
            "fulfillment_node_id": "0002"
        },
        {
            "product_id": "3473311510129",
            "quantity": 0,
            "fulfillment_node_id": "0002"
        },
        {
            "product_id": "3700578502605",
            "quantity": 0,
            "fulfillment_node_id": "0002"
        },
        {
            "product_id": "3700578503374",
            "quantity": 0,
            "fulfillment_node_id": "0002"
        },
        {
            "product_id": "5030805003284",
            "quantity": 0,
            "fulfillment_node_id": "0002"
        },
        {
            "product_id": "5999556680949",
            "quantity": 0,
            "fulfillment_node_id": "0002"
        },
        {
            "product_id": "716170258942",
            "quantity": 0,
            "fulfillment_node_id": "0002"
        },
        {
            "product_id": "791222953686",
            "quantity": 0,
            "fulfillment_node_id": "0002"
        },
        {
            "product_id": "3700578502445",
            "quantity": 0,
            "fulfillment_node_id": "0002"
        },
        {
            "product_id": "4015165326038",
            "quantity": 0,
            "fulfillment_node_id": "0002"
        },
        {
            "product_id": "3473311590213",
            "quantity": 0,
            "fulfillment_node_id": "0002"
        },
        {
            "product_id": "38097005806",
            "quantity": 0,
            "fulfillment_node_id": "0002"
        },
        {
            "product_id": "840732124243",
            "quantity": 0,
            "fulfillment_node_id": "0002"
        }
    ]
}