{
    "head": {
        "store_mapping": [
            {
                "store_id": "0018",
                "fulfillment_node_id": "0018"
            }
        ],
        "mode": "on_hand"
    },
    "items": [
        {
            "product_id": "860006685508",
            "quantity": 1,
            "fulfillment_node_id": "0018"
        },
        {
            "product_id": "3700578504814",
            "quantity": 2,
            "fulfillment_node_id": "0018"
        },
        {
            "product_id": "840732105686",
            "quantity": 0,
            "fulfillment_node_id": "0018"
        },
        {
            "product_id": "3473311590206",
            "quantity": 2,
            "fulfillment_node_id": "0018"
        },
        {
            "product_id": "4015165337713",
            "quantity": 1,
            "fulfillment_node_id": "0018"
        },
        {
            "product_id": "3700578502483",
            "quantity": 0,
            "fulfillment_node_id": "0018"
        },
        {
            "product_id": "716170323282",
            "quantity": 0,
            "fulfillment_node_id": "0018"
        },
        {
            "product_id": "716170323299",
            "quantity": 0,
            "fulfillment_node_id": "0018"
        },
        {
            "product_id": "810081495080",
            "quantity": 0,
            "fulfillment_node_id": "0018"
        },
        {
            "product_id": "810374027400",
            "quantity": 0,
            "fulfillment_node_id": "0018"
        },
        {
            "product_id": "813269023471",
            "quantity": 2,
            "fulfillment_node_id": "0018"
        },
        {
            "product_id": "840035220192",
            "quantity": 4,
            "fulfillment_node_id": "0018"
        },
        {
            "product_id": "3473311510112",
            "quantity": 5,
            "fulfillment_node_id": "0018"
        },
        {
            "product_id": "3700578504852",
            "quantity": 0,
            "fulfillment_node_id": "0018"
        },
        {
            "product_id": "5999556680024",
            "quantity": 0,
            "fulfillment_node_id": "0018"
        },
        {
            "product_id": "024932400530",
            "quantity": 2,
            "fulfillment_node_id": "0018"
        },
        {
            "product_id": "038097005806",
            "quantity": 3,
            "fulfillment_node_id": "0018"
        }
    ]
}